ID,Points,Label
0,6038,"onionly .me'"
1,678,"Rigmu"
2,3274,"deen"
3,603,"Hitomi"
4,7990,"=phacrum="
5,4866,"cris"
6,10388,"Lady Saavik"
7,5094,"EryX"
8,1468,"➽"
9,9447,"=645654="
10,2110,"[Smartee]"
11,3487,"russsell"
12,932,"Juli"
13,2744,"Delo"
14,2297,"BooNi"
15,11026,"Hidden-Ezio"
16,3060,"*WuDL*"
17,9407,"Sir Kruksic"
18,8713,"Ama"
19,867,"NikE"
20,8078,"Welf"
21,4152,"Avo"
22,7569,"RosenVerkäufer"
23,13969,"Chairn"
24,12957,"RavenXXX"
25,945,"Birne"
26,1057,"Neo"
27,14375,"Cøke"
28,16409,"Aoe"
29,7160,"Teeson"
30,788,"|BlaGK|›"
31,1073,"abc"
32,10337,"Ark :3"
33,1725,"Kasia"
34,4045,"hohesC"
35,1700,"Amedeo [ITA]"
36,960,"ROles!  l_I"
37,3068,"!_Vergeboy_!"
38,5851,"Pistro"
39,9171,"Intercity"
40,5141,"Jim-panse"
41,604,"LordKnusper"
42,675,"Psycho"
43,762,"Danya"
44,4084,"Sky-Bear"
45,3393,"Wolƒ.▲"
46,12119,"Fox"
47,1077,"Tygox"
48,754,"Orkan."
49,1874,"Knight :3"
50,1060,"Jayce"
51,1785,"Purlax"
52,8726,"TomeeY"
53,2573,"NooBxGockeL"
54,1420,"SaeF"
55,2816,"Tee"
56,3771,"M@TR!X"
57,757,"Fussel"
58,5578,"mikey12"
59,5299,"Ironik"
60,4686,"Virus2k"
61,9301,"«Èni®õ§|*>"
62,3808,"gB. | Ante."
63,1400,"aaa"
64,852,"YeahxX"
65,2178,"vinci13"
66,11771,"nameless tee"
67,3062,"Unknown"
68,2049,"Днищеl"
69,6707,"Fumm"
70,1463,"TURK"
71,4421,"nuborn"
72,1123,"walter"
73,6033,"PitausK"
74,3817,"Pados"
75,1227,"Teek"
76,1511,"Karl der Käfer"
77,8814,"Jambi*"
78,4041,"Zgokee"
79,12020,"Hindu"
80,16252,"Forris"
81,7461,"Ninja_Valik"
82,8752,"Sir Skeleton"
83,1985,"hellrider"
84,4647,"AspHyXiA"
85,9152,"maggi323"
86,3000,"Syntex"
87,6304,"secreT"
88,5611,"Elephant"
89,7076,"aMu"
90,886,"PushMyMushSir"
91,4141,"Suppe"
92,782,"Leazor"
93,2654,"Azerty"
94,8575,"BeaR"
95,5725,"Metal For Life"
96,783,"Shorefire"
97,1176,"Synyster"
98,5608,"Rolf"
99,6981,"SkiLLz"
100,1226,"FarinDoc"
101,644,"CrAzY0o"
102,4335,"260tee"
103,4924,"Maddin"
104,1232,"Gendalf"
105,14609,"Cireme"
106,2326,"Destoros"
107,17223,"LanuX"
108,5383,"TeeWurst Neon"
109,3308,"Koala"
110,4030,"Brainless"
111,908,"Angel"
112,626,"zuzu"
113,6930,"(1)"
114,2142,"Blub"
115,2166,"cHew*"
116,4089,";D"
117,1260,"Pedo Bärchen"
118,3498,"I\\I4I\\/I3"
119,706,"Pam"
120,2963,"Giraffenkönig"
121,1063,"Twiz"
122,1502,"nooby"
123,6496,"Brezzel"
124,17046,"lufu1"
125,8293,"Loop :3"
126,7610,"krümelmonster"
127,8961,"Lexin"
128,3998,"Gerbl4"
129,4829,"Skeptar"
130,2791,"El qp"
131,5720,"٭ıƞdex'<3"
132,3801,"DeeP <33"
133,744,".Rico"
134,771,"Fluni"
135,2811,"Dimidrolli"
136,4969,"- Jogginghose"
137,2153,"Ekie ♂"
138,1424,"!XeNoN!"
139,2069,"Malak"
140,670,"TheVixer"
141,19136,"milk"
142,823,"h3x"
143,2993,"Simplefly"
144,1653,"(1)// red"
145,894,"crouser"
146,6590,"@string/name"
147,1291,"Mungaaah"
148,729,"Onizuka"
149,3109,"hagbard"
150,2525,"estern"
151,694,"NiamorTis"
152,1065,"Corn Flakes"
153,6597,"Spyker"
154,7531,"SPΞCTRUM"
155,2210,"Silex"
156,1593,"wexx"
157,1609,"[*MC*]-DuBai-.?"
158,788,"Uzumaki Naruto"
159,8034,"Qu!ck"
160,10023,"shoxX"
161,811,"Bee :3"
162,1253,"Dima"
163,2612,"Kenji"
164,1321,"Kladdy"
165,2238,"îltróf™"
166,1991,"Death Shinigami"
167,1654,"eliminator"
168,19083,"Wombat"
169,922,"Wind"
170,7376,"BisZ"
171,2198,"KBeeeR"
172,949,"UrinKeller"
173,1444,"tameless nee"
174,2650,"Chevy"
175,2790,"cruz"
176,6173,"Gambol"
177,1221,"east"
178,2685,"Yuzu"
179,10728,"Obst"
180,3566,"xoxo"
181,3674,"artkis"
182,1094,"Azza"
183,1016,"goldy"
184,1103,"Hubbel"
185,2581,"Gr☺sɇr~dbc~"
186,4096,"!!!"
187,965,"IIIIIIIIIIIIIII"
188,2039,"ElysianDevil"
189,2983,"Varys"
190,6006,"Cartman"
191,5941,"mys"
192,1765,"cHuBa"
193,2079,"CyborgSmurf"
194,14016,"Gurky"
195,1919,"Fudgyking"
196,2213,"~sergss~"
197,1943,"BeKill"
198,2894,"~FallenKing~"
199,2339,"chuLio"
200,870,"Crysis"
201,1989,"Skif4MF"
202,1630,"miruk"
203,7809,"Armin v Buuren"
204,1090,"Darkpain"
205,1883,"Cenarrius"
206,3621,"KAAN"
207,2653,"FakeDeath"
208,5038,"Problemkind."
209,1652,"Rattengeist"
210,613,"Artsy"
211,5383,"MrCarl"
212,1298,"Gartenzaun"
213,1202,"Zargon"
214,4098,"=Denkst du="
215,3350,"mgarc"
216,5911,"bindi"
217,11414,"ghg"
218,1182,"*Ninja*"
219,1397,"would"
220,7271,"Sasori"
221,2299,"Finntroll"
222,1756,"Isi"
223,981,"Shyr"
224,850,"Puch"
225,1027,"Bixes :3"
226,759,"hellraven"
227,10368,"Amu~Cookie"
228,7878,"Sui :3"
229,11416,"DaGiese :>"
230,2179,"Neny.swe"
231,1077,"Shke"
232,2035,"Shadow"
233,3449,"z"
234,5699,"Broken"
235,2455,"Sky"
236,2122,"Gunja"
237,7718,"*|Loading*"
238,9302,"Cola Dose"
239,5179,"laxa"
240,2880,"ιקαtгאк"
241,6412,"MaDLeX"
242,8613,"Fegus"
243,13070,"=Pipou="
244,4683,"Vycik"
245,2144,"TheBeast"
246,1153,"lush'"
247,818,"-=GoodWIN=-"
248,1677,"heinrich5991"
249,1419,"John_"
250,996,"ysm"
251,1201,"Krabby"
252,2520,"tankiel"
253,953,"Rocky Wellstack"
254,707,"ScarryHarry"
255,4877,"ersgutertee"
256,706,"GhostJTJ"
257,723,"Arbok"
258,5577,"Matrose l_I"
259,1225,"Hades"
260,5828,"Phaturia"
261,1405,"SaphirMagic"
262,7335,"qwerty"
263,859,"<3"
264,1128,"unsigned char*"
265,6270,"gB. | FeIs"
266,1772,"Iהferהo"
267,6660,"VL100"
268,1668,"-AW-»©ybêr«"
269,679,"Olo"
270,1413,"Fire"
271,4122,"JabberWock"
272,1900,"MilkaTee"
273,741,"luis"
274,3800,"Unknown ~"
275,9873,"FiL"
276,3546,"Darth_gato"
277,1403,"|HudZ|"
278,3532,"aura"
279,2495,"Riod"
280,1471,"Pandore"
281,683,"slasknaben"
282,1348,"CookieMichal"
283,4182,"Horst"
284,6921,"Juandissimo"
285,2631,"Hallowed1986"
286,2648,"starvoiter"
287,5121,"ggSimba"
288,1230,"Ghost"
289,1278,"666"
290,917,"NoNameImGame"
291,2259,"Talatin"
292,5266,"BsRobert"
293,1200,"Naixn"
294,2751,"Emm"
295,2261,"oink"
296,1013,"Micro"
297,3751,"Ronex"
298,2256,"Prixar"
299,6792,"timakro"
300,762,"Líme.ftw!"
301,966,"Zushi"
302,11070,"Kati"
303,18070,"<BµmM>"
304,603,"Kitsu"
305,1527,"Bro"
306,1595,"Rabhib"
307,631,"Nameless"
308,1458,"snowtracer"
309,3760,"zup"
310,2815,"Skadi"
311,1372,"[ Drunk ] BoBaH"
312,6071,"gB. | Zerodin"
313,885,"Eric"
314,3506,"slow"
315,2866,"Wohoo"
316,990,"Wolf"
317,743,"gB. | Stalker"
318,3446,"nothing"
319,4183,"tèíñi94®0cK"
320,3161,"°ReVoLuTiOn°"
321,1213,"ßlµe"
322,1636,"sunshine"
323,5674,"Gloriousitirity"
324,3310,"Honky_Tonk_Man"
325,2550,"Crytikal"
326,1537,"nuXaPb"
327,1267,"s1erra"
328,790,"MµhKµh"
329,3615,"Ceearw"
330,4204,".x0r*"
331,1408,"♫samu♫"
332,1395,"dj_cooldown"
333,6870,"WhiteBULL"
334,1129,"Jeet"
335,4405,"Artich"
336,17858,"gB. | Kayumi"
337,1473,"TEErrorist"
338,2604,"Gianth"
339,4314,"pipefox"
340,8486,"Mike Litoris"
341,2481,"Shiki"
342,3230,"Kalu"
343,639,"AcE<"
344,2100,"OPX*"
345,708,"sl|LastJungle~"
346,3205,"Krabs"
347,4350,"."
348,1135,"Mr. Blue"
349,1689,"Luffy"
350,971,"Selina xP"
351,3201,"Cooper"
352,772,"SlowTee"
353,1082,"EA| Joker |L"
354,3687,"seLFiii <33"
355,656,"Nick"
356,19549,"Freezestyler"
357,797,"MR.MEYER"
358,1506,"Cans"
359,1040,"Pure Hate"
360,2154,"Black"
361,1182,"123"
362,3265,"Eagle"
363,1033,"Lance Butters"
364,3221,"TrollDad :·3"
365,1364,"Kotenok"
366,10393,"Deathman"
367,2254,"L O S T"
368,1736,",,,=^o_._o^=,,,"
369,1263,"Serj"
370,1961,"Heksze"
371,2320,"Apfel-Tee"
372,4796,"Secret"
373,945,"Brot"
374,649,"Holtik"
375,12072,"Crytek"
376,2534,"Gecko²"
377,1713,"Multau"
378,945,"Jonne"
379,743,"Speed"
380,5156,"still nameless"
381,2910,"Wolfe"
382,716,"[ÐøÐ] NeoN"
383,6962,"ZiKkie"
384,3042,"6uHo3aBp"
385,1223,"βumpi™"
386,1731,"zul"
387,650,"Batman"
388,2389,"GOO"
389,970,"OOGN"
390,652,"iTz'SeqeRem#"
391,4298,"onMouseOver"
392,4496,"brownie_fresser"
393,8212,"Moiman"
394,2290,"MatzeeE"
395,889,"Dadi"
396,2960,"noob"
397,4080,"rqza"
398,1473,"Chicken"
399,8325,"GlobQ"
400,4892,"Bibi"
401,1674,"Kaama"
402,5414,"Atomcat"
403,1175,"Naruto"
404,11465,"QzBoY"
405,2637,"kamillentee"
406,925,"NoirDiavle"
407,1549,"basil"
408,1170,"Díìana"
409,4521,"Joker"
410,9468,"Hydra"
411,1142,"Azrael-DA"
412,1039,"xXx"
413,3330,"Ares"
414,804,"blizex"
415,752,"16"
416,2412,"Schokiii"
417,863,"X-Faktor das"
418,1309,"relas.'"
419,9294,"Skeith"
420,7372,"Bre3kAcHu"
421,1078,".drit*"
422,1666,"6y6JIuk"
423,627,"robinator"
424,680,"Puffmusiker"
425,1490,"Tobii"
426,634,"mr3xX"
427,824,"Ðíƞƞèř"
428,1011,"d0tv0x"
429,2281,"Derk"
430,1357,"MeTRoX"
431,2245,"qLexx"
432,876,"**Santa BoSs**"
433,631,"Gorilla"
434,2237,"AFFI"
435,2045,"Matodor"
436,1568,"(1)nameless tee"
437,3756,"vic"
438,2259,"Newce"
439,7377,":)"
440,6627,"Ļåҕ | Duck"
441,2146,"ASsassin"
442,605,"Yoydex"
443,3531,"q(-_-)p"
444,2181,"~*PatrickStar*~"
445,2730,"*$Benny$*"
446,729,"(1)empty"
447,1531,"bombi"
448,2130,"Tony"
449,782,"piglo_rus"
450,3539,"Zerstrian"
451,1573,"Kenny"
452,5455,"DarkCat"
453,6033,"nealson T'nP"
454,6045,"Pilbo"
455,1136,"Nathan"
456,1409,"Pop"
457,2156,"knuffäl"
458,926,"Tyger"
459,1901,"IIRicardoII"
460,5360,"vvaka=*"
461,5017,".Bearz*"
462,949,"»iɈǾɃ«"
463,824,"Trinkflasche"
464,825,"Stray xP"
465,3325,"ulit-ulit"
466,7056,"Liverpool"
467,2003,"Zadaxs"
468,2200,"Zant"
469,1997,"CAHEK"
470,5511,"Noved"
471,1025,"No0B"
472,1297,"DaSpongi :>"
473,5600,"imp"
474,9788,"Themix"
475,1933,"Nomlow"
476,1154,"kaisei"
477,2026,"Zary"
478,9281,"d3fault"
479,6171,"Beast"
480,1077,"gB. | Kintaro*"
481,1287,"E=mc^2"
482,2473,"GeRRie"
483,2398,"Maple"
484,795,"B"
485,8471,"Meow~"
486,787,"trololo"
487,2034,"Alex"
488,1634,"british tea"
489,2118,"iCeTin2o"
490,2281,"[GõLDèñ]"
491,3271,"ParANormaL"
492,6856,"Blue"
493,1054,"Sayuri"
494,24333,"Starkiller"
495,4113,"TϞΩR"
496,3195,"Mischga"
497,755,"Good Hash"
498,5357,"Necrid"
499,4043,"Black-_-lotus."
500,2779,"Lada"
501,3017,"[Wu]*GzA"
502,691,"E R F A N"
503,4108,"Monkey D. Luffy"
504,3601,"Breivik"
505,1316,"Ren"
506,14461,"FUMOFFU"
507,707,"melodeath"
508,3226,"Koala.<3"
509,8272,"Vendetta"
510,10133,"Im 'corneum"
511,727,"Sirlomanoff"
512,12392,"Delirio"
513,613,"[+] BlueKitty"
514,1078,"Anti"
515,5823,"¥Sӈinøbi¥"
516,1828,"[ASK$]radpcx"
517,993,"Krotus"
518,1094,"Red"
519,1979,"µLTim8*"
520,1354,"Push"
521,1423,"Madii"
522,636,"Ajeres"
523,10608,"|Ŗaþŧurę|"
524,2173,"vex"
525,10170,"2oo"
526,702,"Prinlot"
527,6331,"Gr1t1sh"
528,1174,"f4c3"
529,21047,"triki"
530,975,"Altrax"
531,4878,"Antoki"
532,7158,"David*°Villa"
533,2258,"inch'."
534,1982,"ZONE"
535,9077,"iParano"
536,6837,"RedFight"
537,648,"JoJo'"
538,953,"McLovin"
539,1131,"Foxis"
540,1657,"Blitzy"
541,11328,"MSTAR"
542,3079,"Lags"
543,694,"Settings"
544,4239,"-nOobfighter-"
545,1360,"[SN] Snoop!"
546,4149,"MisterX"
547,1106,"tee"
548,1260,"kekse und tee"
549,3006,"Kushok"
550,792,"NsK"
551,4325,"Chill [TD]"
552,3161,"1"
553,1860,"007"
554,1067,"^^"
555,631,"Ṧḫâỉḇa"
556,885,"Darky"
557,2126,"ʞﻉkﮐ"
558,8223,"Bes"
559,602,"Arti"
560,5336,"MrAppendixX"
561,6789,"darky"
562,1424,"letins"
563,904,"siammei"
564,1220,"Темный"
565,624,"-art"
566,1520,"Flayer"
567,2210,"Svik"
568,2047,"Zero"
569,3824,"dummy"
570,1856,"Kurama"
571,616,"Mary"
572,5535,"snAko"
573,622,"yannick"
574,650,"Panda"
575,8353,"StorмPʜöɴix"
576,2296,"Der~G"
577,689,"noname"
578,661,"Ghosty"
579,5902,"Chirua"
580,10536,"Okami"
581,758,"Chillbreaker"
582,795,"a..."
583,6862,"Jericho"
584,3324,"Rem1x"
585,5881,"less"
586,2708,"VazovskiH"
587,652,"Ðαℑuιcy♥"
588,1911,"Smardey"
589,3433,"Skyrel"
590,1664,"Pupu"
591,864,"DOC###"
592,2906,"mustD1e"
593,1018,"☣₩a®҉☣"
594,1350,"CnupT"
595,886,"Capi"
596,1908,"(2)"
597,5503,"Lifkug"
598,1069,"T"
599,611,"GoJE GrEEN !"
600,733,"Den4ik"
601,1298,"multi"
602,611,"Slay"
603,2727,"*ExTr1Me*"
604,2221,"ScoFly"
605,10770,"Pwner"
606,1232,"Pyro"
607,1846,"Jubjub"
608,622,"Phoenix"
609,682,"ღChuCkyღ"
610,680,"valerar"
611,2442,"ingrysty"
612,854,"Phillchecker"
613,3998,"[...(-.-)...] J"
614,3716,"L"
615,778,"Miø :) ¼"
616,4246,"2.0|eule. <3"
617,6104,"Lenah"
618,1967,"n!ck"
619,3498,"Frucht"
620,3800,"DaKili :>"
621,680,"Dazz"
622,4925,"ProDiCaL"
623,7608,"XxDarkNezZ"
624,1109,"Fly* Coala{UA}"
625,1735,"Natsu"
626,2049,"AntiHero"
627,617,"Xenø™"
628,1891,"AgtBoom c:"
629,8269,"Puncha"
630,1681,"^"
631,1017,"Saito"
632,760,"MonkeyDream"
633,4207,"gB. | DiViNe"
634,886,"Midna"
635,2686,"Reaper"
636,3395,"walala"
637,3491,"General Shakes!"
638,3085,"pentagon!"
639,732,"DoZZer"
640,3883,"[<3]LibertY"
641,1377,"ZAYETS"
642,1528,"Error 404"
643,626,"Gamabunta"
644,774,"Darkvel"
645,3074,"N"
646,6555,"Cadi"
647,2399,"Trevor"
648,3764,"Haraknos"
649,1908,"procrastinate"
650,11325,"Hesse"
651,1360,"Nyu"
652,819,"Potato"
653,3332,"Ryu"
654,1784,"..."
655,2709,"Rico"
656,925,"Possseidon"
657,4218,"Bixes"
658,1737,"VloopS"
659,1469,"#Techi.'"
660,3171,"Sky-Cat"
661,3075,"Tavo"
662,1638,"levi"
663,1222,"Just Funny"
664,701,"Krast"
665,4015,"Bambino"
666,18655,"MPA3b"
667,1037,"BFBlMrAD"
668,3389,"Genefest"
669,1879,"Lonatic"
670,2333,"HMH"
671,6171,"smile"
672,2404,"Bossk"
673,703,"Zis? [argh?]"
674,784,"Helper"
675,5932,"Carl"
676,9272,"Tarzan"
677,2562,"Aero"
678,1386,"Blocker"
679,724,"cooki"
680,2071,"UniStyle"
681,2205,"SoliDeR"
682,1728,"chilli[AUT]"
683,1811,"HardRockSofa"
684,2386,"R1Se"
685,1148,"Matty"
686,3025,"Tailung"
687,774,"gB. | cHew*"
688,5249,"ChillerDragon"
689,976,"Ako"
690,2694,"Hemul"
691,768,"Hugo"
692,746,"<[k-B.MiZze]>"
693,1142,"Fledermausmann"
694,752,"Switcher"
695,1913,"miss"
696,5779,"Lilith"
697,3315,"Chak"
698,1673,"Kirito"
699,1080,"-Kayazuma-"
700,664,"85%*Ninja*"
701,2525,"Gönner"
702,1437,"KoPeHb"
703,3152,"Frieze_42rus"
704,3050,"Hakuna Matata"
705,607,"Smew"
706,1723,"Learath2"
707,686,"asdasd"
708,12414,"^b[Bro] flummi"
709,1989,"Be Happy"
710,2458,"Okidoki"
711,1250,"R!os"
712,944,"CaMmo"
713,729,"walterok"
714,5778,"FunCat"
715,977,"Harbinger"
716,3199,"trolol"
717,1610,"Architect"
718,4346,"Gen"
719,1136,"Energy :D"
720,5155,"Kandiifloss"
721,629,"H'ero*"
722,1597,"meter'."
723,10944,"NeXus"
724,6763,"Pio"
725,1000,"HATE"
726,10643,"SiuFu"
727,2845,"Neizvestniy"
728,2588,"₱am"
729,3137,"Denis T."
730,703,"[ES]Force"
731,1024,":"
732,4350,"TheZyZya"
733,723,"BRONOOB"
734,656,"Anna"
735,4664,"Pastèque"
736,970,"Nightwish"
737,1332,"G@$Tr0"
738,8896,"chopnixDE"
739,683,"Razor"
740,7881,"Saki`"
741,1121,"OpTiK"
742,8086,"zyr.f"
743,4266,"Captain Teemo"
744,891,"brainless"
745,2642,"Rayzon"
746,1080,"Nightmare"
747,603,"Wanda'"
748,1348,"Sarah'"
749,1135,"макс"
750,2439,"Mütze"
751,4264,"TX"
752,3184,"Key"
753,752,"Mr.TitTee"
754,1403,"Warthen"
755,2997,"SickCunt"
756,2933,"Dr.Dre"
757,951,"_+\\|{@|{TuC/+_"
758,613,"muhistar18"
759,973,"Draven"
760,8389,"Beard"
761,689,"PoKeMoN [TD]"
762,1176,"*SkiLLq"
763,4767,"Krombacher"
764,600,"Aria"
765,1791,"ViniDil [Kz]"
766,1480,"Myaso_O"
767,3628,"Alpha"
768,992,"Scorpik"
769,957,"izrok"
770,1478,"ArmenianBoy Kpo"
771,1164,"Ion"
772,3973,"Nexarius"
773,6172,"YaaOmo"
774,1422,"(O.o)"
775,1283,"KrOzOn"
776,8180,"Dherian!"
777,4343,"vrrtep"
778,720,"Legend"
779,2025,"janielle007"
780,1840,"Ace"
781,4904,"ania"
782,1246,"Hi"
783,2020,"lol"
784,8945,"nether"
785,1238,"Сушист"
786,1221,"¤Ying&Yang¤"
787,806,"Lifklas"
788,3329,"Kata"
789,4061,"Krumplee"
790,2192,"PenguiN[NSC]"
791,3570,"Patzelt"
792,3739,"2.0|Knuckle :3"
793,3614,"Immortal"
794,970,":D"
795,2784,"KOMПOT"
796,2159,"Jerry"
797,3152,"oBc.Laki"
798,1485,"oBc.ώhøτÿ"
799,2029,"Blablabla.BOSS"
800,1581,"((((()))))"
801,1110,"Dino"
802,2041,"Fatal"
803,6051,"Folugen"
804,4920,"SBL"
805,836,"cold"
806,3244,"DNIWE"
807,927,"dikser16"
808,1519,"Monsta"
809,2625,"Smile"
810,6364,"texnonik"
811,3800,"Saratov SU 1"
812,5808,"ржавый"
813,2521,"xBoy"
814,2805,"Shotokan"
815,673,"FuckYeah"
816,2610,"Cammo"
817,1884,"Yar"
818,8934,"The real LOL"
819,4547,"FerzaK"
820,1029,"Hannibal"
821,637,"Style"
822,757,"Schwabbelmadron"
823,1139,"Crunchy"
824,4787,"Alice30"
825,9371,"950"
826,996,"retry*"
827,3850,"Night_L"
828,2817,"obvious tee"
829,3655,"Confused"
830,2324,"lx07:3"
831,2608,"moxi"
832,1905,"aQnity"
833,1015,"Yamado[GER]"
834,1039,"x"
835,5749,"Sir Knuddel"
836,5637,"ano :3"
837,809,"Lionis"
838,1696,"Герыч"
839,9080,"Jojo"
840,8013,"Neko"
841,9517,"Super"
842,704,"|SD|Tailung"
843,4202,"Dr.Meth"
844,1852,"Solo"
845,1043,"Yitan"
846,2793,"Vaginuss"
847,2528,"Bibo"
848,3222,"TechnoBär !"
849,1143,"Juliax3"
850,3917,"MMilos"
851,3433,"l2p"
852,1342,"Sunny"
853,1564,"Punica"
854,1675,"Hitaru"
855,2447,"Kpro996"
856,3159,"Sv47"
857,816,"nomod"
858,829,"Momo"
859,3249,"paulmost"
860,1747,"Tom"
861,3100,"Cherry"
862,3135,"Anxton"
863,5588,"íᶮϠi"
864,1423,"ᴷᵉᵏᶳ"
865,4542,"Pear Bloom"
866,2858,"Acrostock"
867,3348,"EndCloud"
868,614,"PANCITO"
869,4392,"Xploit"
870,2752,"Cephyx"
871,1844,"._."
872,701,"Pi"
873,1278,"Egy"
874,725,"isen"
875,849,"Teaworlds"
876,1043,"[FR] PJK"
877,672,"shw"
878,2370,"Shywan"
879,977,"Nocsis"
880,1293,"Krap"
881,1872,"Чудо-Юдо"
882,2114,"Carven"
883,4551,"Negativ"
884,2222,"Herofox"
885,4229,"♥|Duca"
886,1031,"Nixchecker"
887,2590,"wTf*CkInG'hEll"
888,2198,"javi"
889,2269,"LoLikO"
890,932,"game over"
891,1736,"Cerry"
892,1915,"Götze ~|♫"
893,1433,"MuFFiN"
894,1486,"Cony!! *-*"
895,2594,"'TasVan :$"
896,1297,"ultimatee"
897,3601,"DragonForce"
898,1067,"Wanted"
899,15793,"Konsti"
900,738,"asd"
901,1761,"Varon"
902,1116,"klopapier"
903,3646,"Would?"
904,1253,"^-LiVoS-^"
905,828,"exile.'"
906,775,"solala.'"
907,1430,"Tharseo"
908,2202,"nameless"
909,874,"ok"
910,671,"Toaster"
911,841,"Z"
912,1307,"Jeff"
913,2341,"Flaca"
914,661,"Monkey D Amix"
915,2086,"ultimatum :)"
916,627,"Master-Chief"
917,3924,"Imba"
918,6269,"bob"
919,968,"BOB"
920,2099,"Kosho"
921,837,"O_o"
922,4385,"FanTal1ty"
923,2195,"CookieAlex"
924,999,"Javier"
925,3305,"Cr3amL0v3r"
926,1798,"Mango"
927,2116,"'Zavier"
928,2753,"valex32"
929,1525,"Lilly"
930,3375,"koyer"
931,2324,"Nacha:3"
932,1130,"-=SNZDuMoHRUS=-"
933,713,"Toreto"
934,957,"Fanoman"
935,838,"Argon"
936,615,"PO"
937,3697,"Anqel"
938,5815,"Mannyking"
939,4830,"BannZay"
940,1790,"Floppy"
941,1821,"RoyalPain☺"
942,1178,"Altair"
943,2536,"pVp"
944,5304,"Kuchen"
945,1122,"333333333333333"
946,1001,"A$AP JudaS"
947,2089,"Olaf"
948,1226,"RockNRolla"
949,10498,"Du4b"
950,1273,"jetfoil"
951,979,"(1)/\\ssa"
952,5182,"Hoseкonseкo"
953,7953,"Jakral"
954,3359,"Dummy"
955,1326,"H8_SeeD"
956,1724,"Dr4gg3r"
957,4215,"cx384"
958,7590,"Frr :3"
959,2976,"Ñı©Ø"
960,5025,"Gridwyn"
961,920,"Andre"
962,831,"Shinigami"
963,1576,"Bomb"
964,1284,"PoZzzitif"
965,668,"Night"
966,943,"Teemo"
967,3951,"°Tee°"
968,1293,"=CuBe="
969,1825,"Mr. Tosty"
970,4650,"Luk4s"
971,1260,"jonn"
972,2538,"vanik"
973,966,"BorN_To_LeaD"
974,1853,"Siro"
975,1859,"-Chaka_Baby-"
976,603,"Lucky"
977,3771,"Spawn1221"
978,3334,"Moooo"
979,735,"Cookie"
980,666,"nissi"
981,3565,"Zer0"
982,1099,"lalalalala"
983,2924,"Avio"
984,804,"Felix"
985,3066,"╒╕ḼӍ₳"
986,1245,"DEADMAN"
987,8634,"Pepe"
988,3590,"Majstor"
989,1001,"Jake"
990,1122,"reGa[Myx]"
991,644,"Fuzzi"
992,1392,"zomsik"
993,807,"xar"
994,4620,"Savander"
995,908,"True© nameless"
996,866,"purple"
997,622,"Gamer"
998,2774,"diegox"
999,720,"Nope"
1000,1270,"Miriael"
1001,996,"Cat"
1002,6017,"Element Finland"
1003,680,"Nudel.*"
1004,11896,"sorgaxD"
1005,826,"Gon"
1006,750,"(graphist)"
1007,3413,"ExtasiS"
1008,4935,"Valee>:c"
1009,1482,"☥jeriko☥"
1010,699,"Chu"
1011,1558,"Alisa"
1012,2202,"Opana"
1013,2986,"Mystery"
1014,1015,"NayderZ"
1015,880,"Moon_Blue"
1016,1486,"Absoliwt"
1017,1210,"♣GeneralRh♣"
1018,1057,"Moini"
1019,1769,"Cry"
1020,3210,"Negro gay"
1021,976,"Kyosuke"
1022,861,"iFireCatz'<"
1023,1630,"Sami"
1024,2066,"Bob"
1025,1893,"gherode"
1026,4522,"Nidalee"
1027,7172,"tinky"
1028,2409,"ChillerDragon.*"
1029,1835,"Inspired"
1030,1278,"I"
1031,8716,"⚡-ӃR١✗✗"
1032,828,"Drölf"
1033,1347,"Fünnioitus!"
1034,2067,"Saw"
1035,785,"Evoli"
1036,2907,"Obito634"
1037,7249,"hi_leute_gll"
1038,7271,"stompie"
1039,624,"shrapx"
1040,3568,"eRbii"
1041,1465,"Puffleking"
1042,2785,"Toster"
1043,2890,"Soreu"
1044,774,"Pain"
1045,877,"Darki"
1046,663,"Kurwa"
1047,2174,"Numb.Encore"
1048,2040,"Rashu"
1049,1523,"Av@ron0ne"
1050,1091,"infamous."
1051,1028,"!N1ck!"
1052,1997,"Para"
1053,4278,"Risk"
1054,2526,"Tee-Shirt"
1055,656,"cAт"
1056,2327,"wildcat"
1057,2429,"130tee"
1058,21569,"bano"
1059,1123,"AlboFFC"
1060,861,"Draaxil"
1061,2201,"Avelton"
1062,1469,"Paxa.United"
1063,8311,"Evgesha"
1064,5865,"4twenty!"
1065,2343,"Pajas"
1066,1041,"Fixie!"
1067,11702,"Shocker"
1068,1485,"Sirius"
1069,902,"Puffy"
1070,4025,"Sky-Owl"
1071,5322,"Ninja<33"
1072,1034,"gB. I *WuDL*"
1073,13318,"Quote"
1074,731,"KIllA"
1075,6340,"Cloudly"
1076,1538,"Donio3d"
1077,2217,"Lautre fan"
1078,2343,"Fuchs"
1079,1147,"Lord Helix"
1080,11509,"☯Mڶɴ3☯"
1081,2790,"⚡-єxoтi¢"
1082,6723,"cB|timur"
1083,3530,"DSS"
1084,2000,"NigglePig"
1085,3721,"Sebaesponja"
1086,1994,"TyxpekCZ"
1087,6198,"kezo"
1088,4540,"GreenDragons"
1089,3495,"Twixco"
1090,644,"Cøm3b4©k"
1091,2384,"ŠŦǿńΞмiń"
1092,1085,"Ying"
1093,1061,"phacrum=noob"
1094,23239,"HaHAxD*"
1095,11807,"Ra!n"
1096,840,"#!D!rtyMonk~>"
1097,1064,"#Swer~>"
1098,2272,"Shadou"
1099,1141,"Limboo"
1100,2283,"Psy¢hø✘"
1101,1326,"Omega"
1102,4006,"RedPig"
1103,10033,"AvapiX"
1104,747,"₤rror404"
1105,3155,"Ɣ2Ƙ ⨁"
1106,2220,"ÐæR"
1107,1427,"Romantic"
1108,6399,"Đϻτεε"
1109,7869,"brainless tee"
1110,6235,"#eci.in`"
1111,8371,"JDBCExample"
1112,850,"Avalon"
1113,5024,"Åmol"
1114,2657,"ÐÔ¥Œ"
1115,742,"Asuna"
1116,1502,"wappsify"
1117,1430,"Qbst"
1118,1543,"Ice - $hockz.!*"
1119,3630,"Shisui."
1120,852,"ScreaT"
1121,7908,"RayB."
1122,7398,"Lorenzo"
1123,678,"*UnKnoWn*"
1124,8690,"Tezcan"
1125,810,"Haku'"
1126,2786,"Neox"
1127,1425,"dpdixon"
1128,700,"loop_sucks"
1129,1557,"PlayBoy"
1130,1217,"samo"
1131,978,"Tsunami"
1132,4055,"TeeFreZZ7Tee"
1133,748,"13"
1134,1309,"MrAppendixX²"
1135,2401,"cesar16197o"
1136,3696,"Blake Griffin"
1137,1929,"sMo0g"
1138,5077,"Sorah"
1139,2130,"Fk.kira"
1140,1567,"Zizka"
1141,3001,"[D] Cadi"
1142,1775,"EpicIceTee"
1143,1491,"Супчик)"
1144,8967,"superdial"
1145,1037,"Red-i"
1146,2700,"Loo"
1147,940,"Acrafy"
1148,1735,"M Emile"
1149,1566,"Osterhamster"
1150,1569,"Skeet"
1151,851,"Manny"
1152,5970,"Lord.YoYo"
1153,1794,"Pir"
1154,1970,"flo"
1155,809,"Miuek"
1156,670,"=sMo0g="
1157,2420,"Lady Knuddel"
1158,6299,"Tea"
1159,2193,"Veers"
1160,4312,"Grizzly"
1161,1370,"Pantoja"
1162,1057,"NamelessNo0b"
1163,4723,"Ganjah"
1164,1125,"ENIAC"
1165,649,"☯Doℳℰ✞!"
1166,2733,"eustass kid"
1167,996,"Namless t33"
1168,1451,"Amy"
1169,863,"Dumboy"
1170,5824,"тυx"
1171,1634,"(1)brainless te"
1172,724,"Smoke"
1173,1916,"Bad >:c"
1174,2399,"Light"
1175,947,"Doggy"
1176,734,"Antikeks"
1177,709,"ante_sucks"
1178,1324,"lCrashl"
1179,2239,"oneone"
1180,2151,"LCSG47"
1181,7053,"͡° ͜ʖ ͡°"
1182,640,"microme"
1183,1092,"Named Tee"
1184,897,"Fullander"
1185,2463,"Zei"
1186,1004,"Jims-panse"
1187,2612,"Grim_Fandango"
1188,1307,"Con"
1189,953,"Senseless"
1190,966,"Dubby"
1191,1302,"Noobie"
1192,875,"Jimmy"
1193,1048,"LeafMuncher"
1194,1152,"Joe001"
1195,3620,"Atomic"
1196,601,"Sammy"
1197,6442,"Irishidiot"
1198,5090,"AlphaKennyBody"
1199,808,">L_I-M_E<"
1200,2315,"ziicko"
1201,5111,"Fňokurka oo7"
1202,949,"VinTagE"
1203,854,"Arterious"
1204,2738,"Fate"
1205,3991,"Tuna"
1206,1065,"JellyBaby"
1207,2286,"D.T.B.A"
1208,793,"AS50"
1209,1420,"420"
1210,2487,"SPYRES"
1211,971,"M@rco"
1212,1147,"R3v07v3R"
1213,1324,"oneOAK"
1214,635,"Josh XD"
1215,5210,"The Tee"
1216,3861,"Chano"
1217,2573,"The M"
1218,1520,"ChiDoWi"
1219,1194,"S"
1220,1563,"Victory"
1221,2007,"Mio"
1222,4224,"Abel Moolman"
1223,723,"-"
1224,1175,"Emmertjie"
1225,2679,"pEST*"
1226,2791,"Demon"
1227,863,"LightFlame"
1228,996,"ROFLcopter"
1229,2800,"nSD`Dr.DiZmo"
1230,1921,">DragZ< Rid3R"
1231,1094,"WOLF"
1232,698,"SupaFly"
1233,6637,"Mariac"
1234,1768,"Silent"
1235,4546,"garry"
1236,614,"reGi"
1237,2213,"Jelli"
1238,1288,"Brandyn"
1239,965,"Retribution"
1240,821,"Slavy"
1241,2240,"Overlord"
1242,620,"Flame"
1243,2503,"KuZu"
1244,1152,"MaxChal"
1245,626,"MiniMus27"
1246,929,"simon"
1247,1848,"SoLid"
1248,724,"Mannyqueen"
1249,838,"PêÐØßé@R«"
1250,1561,"Jojo 1.2"
1251,1441,"assassin"
1252,958,"abate"
1253,1209,"Alvin Risk"
1254,928,"cobra"
1255,1320,"VuDu"
1256,1767,"L!Ght"
1257,716,"AIRM4X"
1258,3926,"Sócrates"
1259,784,"Bebob"
1260,4565,"Chad"
1261,5160,"Frosty"
1262,1520,"Iron Fury"
1263,7302,"Kill4FuN"
1264,1015,"den"
1265,1868,"3we"
1266,686,"MeMBraNe"
1267,2038,"~Erre"
1268,2303,"Zancrow"
1269,2321,"~/> Tee 3D"
1270,4482,"Timbo"
1271,6586,"R41NB0W"
1272,14116,"Soapy Sandwich"
1273,2525,"saddo"
1274,618,"m"
1275,2103,"Equinox"
1276,1770,"dark"
1277,2137,"Scar"
1278,917,"molch"
1279,1496,"David°*Villa"
1280,1154,"Bunny* x3"
1281,6373,"ΌℬitO➏34"
1282,661,"RiseAgainst"
1283,928,"Anonymous"
1284,673,"-=ExP=-"
1285,7042,"ИІқά◦"
1286,6543,"valeROM"
1287,4420,"bluekitty"
1288,2962,"Nigglet"
1289,5998,"Bolox"
1290,1045,"fankola[AVEc:]"
1291,1155,"chan"
1292,2332,"TwItCh"
1293,702,"a"
1294,651,"¡[K]4IS3[R]!"
1295,1937,"ShovelFighter"
1296,764,"Shemenyaza"
1297,2462,"iSwearSheWas18"
1298,6800,"ReD"
1299,7963,"hannibal"
1300,4555,"OverturnedOnion"
1301,1560,"Specter7"
1302,778,"Ṩѧїӿ"
1303,1475,"[M]AT¡¡AS!!"
1304,4509,"c[]okie m[]nsta"
1305,1195,"CyClone"
1306,4196,"Dyslate"
1307,1559,"Wartooth"
1308,1363,"Tata"
1309,4632,"Stryler"
1310,678,"Deamons"
1311,1803,"ghgz"
1312,1127,"Suri"
1313,2090,"Bektas"
1314,3244,"Blunt"
1315,724,"A.O.D"
1316,632,"Ɇɍȑѻʀ"
1317,1012,"Tas"
1318,2336,"me"
1319,930,"Pipe"
1320,1538,"TheProxD"
1321,696,"ifshewant"
1322,1271,"noob4fun(GER)"
1323,5654,"brain"
1324,3007,"mooose[UA]"
1325,1161,"FireFox"
1326,5941,"ShenFRusH"
1327,4876,"2_Ta6LeTki_LSD"
1328,4603,"Prozzle"
1329,2019,"Szacrir"
1330,638,"Marceline*"
1331,3558,"Nemesis"
1332,7416,"RoyalSeriousLee"
1333,1878,"Slow"
1334,1459,"Michael"
1335,965,"059"
1336,1914,"NoobNr28"
1337,1492,"[D] IcyFire"
1338,776,"[...(-.-)...]w"
1339,6905,"The.Rorroo♫"
1340,1810,"Mithrandir"
1341,1950,"Captain Hook"
1342,4487,"Leonidas"
1343,3260,"S.O.S"
1344,2659,"Permskiy"
1345,710,"georgie"
1346,2324,"PinkiePie"
1347,758,"Jini"
1348,1907,"[D] Themix"
1349,3882,"IcyFire"
1350,1285,"Netherwoman"
1351,2796,"WeeB"
1352,677,"Connect"
1353,672,"eF~donw"
1354,782,"Foo"
1355,685,"Oliwi :3"
1356,667,"loading..."
1357,2751,"[CSGS]Runescape"
1358,8178,"Yek"
1359,1185,"Nubru"
1360,6869,"Desu"
1361,987,"Beginner<3"
1362,732,"po²"
1363,3387,"[D]FiL"
1364,4687,"Никита"
1365,4522,"TheGhast"
1366,2461,"NeedANiceGranny"
1367,776,"electrone"
1368,800,"Sír Lµgí"
1369,2504,"lisa"
1370,1927,"Blade"
1371,2791,"ReaLy? :3"
1372,1012,"J0J0"
1373,11983,"┇»MíM«┇"
1374,2095,"Stumm"
1375,1939,"»Rogue."
1376,1297,"¬¬{LaLo}¬¬"
1377,7168,"Toto Reculiao"
1378,816,"Rysiekk"
1379,1966,"HaHAxD°"
1380,2254,"<-Bulto->Lyps0"
1381,2332,"ЗЛЫДЕНЬ"
1382,2271,"CroCK"
1383,640,"caca"
1384,626,"Nero"
1385,757,"Knife"
1386,606,"Iraki~Bomber"
1387,1062,"D"
1388,783,"ihood"
1389,1789,"dwadwa99"
1390,1119,"RosenDude"
1391,682,"Scream"
1392,1611,"|Naruto|"
1393,706,"kom seun"
1394,698,"hi"
1395,2560,"KuchenGott"
1396,1647,"EdieKiller4K"
1397,836,"(1)AlphaKennyBo"
1398,1778,"teemobile"
1399,871,"Neprox"
1400,1087,"DonkeyPuncher"
1401,847,"Boy"
1402,691,"☾ŁÛÑÅ☽"
1403,2729,"D@wiE"
1404,4453,"Crayonic"
1405,755,"ReyCoronis"
1406,639,"RedDragons"
1407,5383,"Knacker"
1408,6102,"tobu."
1409,1271,"Krawalski"
1410,2217,"COCOA"
1411,710,"SHELLY"
1412,2621,"ραяαʟчх"
1413,905,"Ļåҕ | Jab><"
1414,816,"dammy"
1415,754,"Nelet"
1416,1483,"germany"
1417,812,"Lady-Chief"
1418,713,"Seek"
1419,813,"Specter8"
1420,1244,"Justice"
1421,1153,"Shiro"
1422,1362,"stonersimpson"
1423,2084,"tatak"
1424,7555,"Large"
1425,1307,"GG WPE MANKEKES"
1426,736,"✯ѕʜᴀʀκy"
1427,1550,"Interior"
1428,4288,"Seba0006"
1429,5332,"H2 rDDDDD"
1430,1030,"Hiddentest"
1431,924,"Jamba"
1432,13322,"Iaan~|"
1433,2205,"Toffee"
1434,990,"Grond"
1435,1232,"Nina"
1436,698,"cxervo"
1437,2923,"Diogoncio"
1438,1541,"Alborq"
1439,769,"Päddy"
1440,3176,"Hard?"
1441,651,"baby cesar :3"
1442,2508,"Mrs Depression"
1443,1732,"mioman"
1444,1136,"El Mowen!"
1445,3067,"Snitchy"
1446,735,"Marco~"
1447,748,"Twix <3"
1448,1449,"hi im elise"
1449,5655,"Tumbler"
1450,4710,"reVar"
1451,2661,"'qZ |BlaGK|›"
1452,2594,"SvechAS"
1453,668,"SvechAS's Dummy"
1454,1141,"₩iℓd"
1455,3604,"Sony"
1456,2038,"charly123"
1457,832,"alicarr"
1458,886,"SoliƉeR"
1459,1220,"♥"
1460,18823,"Black Jack"
1461,2750,"\\/Vo0b\\/Vo0b"
1462,1119,"A"
1463,828,"C"
1464,692,"KaKTyS"
1465,6649,"DoubleDipp"
1466,5933,"Limbo"
1467,943,"Thalamas"
1468,12967,"kys :)"
1469,2624,"BamBam"
1470,5081,"Rage"
1471,786,"crush"
1472,1431,"Samenbart"
1473,1108,"Nameless Tea"
1474,1536,"Bl0od-Dens"
1475,632,"Kyla"
1476,2538,"kbone97"
1477,676,"3Dan"
1478,932,"RyzkouParen"
1479,1786,"malak56"
1480,1633,"SuperXD"
1481,1368,"Mr.Nobody"
1482,867,"NightmareXXD"
1483,6458,"Monkeyja"
1484,1057,"Weedbärchiii"
1485,3731,"Moni"
1486,1839,"pipo"
1487,896,"hi_dummy_gll"
1488,8385,"Ļåҕ | Qed"
1489,654,"Laxus"
1490,946,"Lápiz"
1491,1360,"Ikarus :3"
1492,666,"J"
1493,4374,"Plowpowa"
1494,1425,"Luk4s [D]"
1495,897,"Arkanin"
1496,3036,"Getsuga"
1497,2771,"☠Arcŧurus☠"
1498,1214,"morenita♫"
1499,1581,"Volvicc"
1500,2931,"LemonTee"
1501,2722,"geo"
1502,1883,"TEsS"
1503,1305,"Zukita"
1504,4263,"NĕĕÞ"
1505,1420,"WolfDog_ZA"
1506,4729,"»Norbi«"
1507,3163,"Regedit|"
1508,1685,"Weed"
1509,698,"Fominator"
1510,4914,"Bugsy*"
1511,4594,"Exi :J"
1512,602,"Monkeyje"
1513,675,"✔✔✔"
1514,603,"Marshall"
1515,1589,"BaNdiT"
1516,2660,"Naxho"
1517,2156,"Karina"
1518,837,"Prixar²"
1519,809,"Shark :3"
1520,1062,"SDR"
1521,1977,"KillMe"
1522,691,"Q'"
1523,2546,"KuNao"
1524,666,"Makavelli"
1525,5147,"Men of Steel"
1526,1439,"Nareem"
1527,3773,"Lisica"
1528,1316,"HaZe"
1529,15236,"ScReeNy"
1530,3596,"Frosch"
1531,1347,"(1)/dev/null"
1532,1297,"gragt"
1533,3129,"Snake"
1534,4878,"oBc.BeLieVe iT"
1535,912,";)"
1536,5361,"flash"
1537,2790,"MrJerry"
1538,677,"Distance"
1539,12926,"Shawn."
1540,3265,"Ellie"
1541,771,"Nayro"
1542,1504,"PS4"
1543,1003,"no"
1544,879,"IiRmh_FuniI"
1545,2383,"Henk"
1546,4107,"TNT"
1547,10079,"-Mage-"
1548,1000,"_XIAOXIAO_"
1549,1429,"Daffy"
1550,963,"Zwiebelsaft"
1551,3955,"Lala"
1552,4795,"MadPezkoh"
1553,2557,"MissTeiK"
1554,3394,"saouwi"
1555,1288,"MuTzEl"
1556,1340,"Lalala"
1557,3467,"Zubastik"
1558,1804,"rocky"
1559,1297,"Ciniminix"
1560,3090,"~.~daniel~.~"
1561,2087,"Tyrannis"
1562,5124,"Maybe."
1563,4223,"Paralix"
1564,864,"farmer"
1565,6026,"Sweeeeet GM :>"
1566,2057,"Ctmre :$"
1567,2473,"Borup"
1568,2741,"[NinjaSkill]:ON"
1569,4927,"SH[]CK"
1570,1078,"Gru"
1571,8015,"Radoo-'SaT"
1572,648,"Dubstep4Life"
1573,8857,"Habibi57"
1574,17106,"=Schulzer="
1575,2130,"Chak Norris"
1576,3368,"Fox`Styler"
1577,12539,"yo bitch"
1578,778,"☘Multii.'"
1579,2272,"gr33nt3a"
1580,2545,"lufu1 dummy"
1581,3350,"SAW"
1582,872,"Luck"
1583,1065,"~Sr.Trululu~"
1584,16881,"Xi"
1585,1042,"fdghfg"
1586,1441,"NICO"
1587,3178,"MyStery.Fox"
1588,3473,"=xPeke="
1589,4484,"K u B u"
1590,742,"Resistance"
1591,1529,"Meow Im A Cat"
1592,1758,"Salty...."
1593,1556,"xiaoding"
1594,1244,"Sweeeeet D. :>"
1595,1291,"Dummle"
1596,1008,"Cyril1098s"
1597,1211,"Ninja_cool"
1598,5648,"Luke"
1599,1903,"Miku"
1600,3000,"MDMA"
1601,927,"kAmo."
1602,1924,"Shaka"
1603,2230,"DaFox"
1604,10158,"-Twist°~"
1605,3100,"AM|Notorious✔"
1606,1323,"Black~Knight"
1607,1466,"Gacu!"
1608,753,"GreenTee"
1609,1535,"Vy0x2.'"
1610,2810,"starless"
1611,3232,"Fabi`"
1612,11230,"☆.Sυsнι♪"
1613,1124,"{E}{L}{I}{T}{E}"
1614,1503,"dcgù"
1615,1692,"LeafGreen"
1616,1095,"Karen :3"
1617,2118,"Jksabre"
1618,1128,"Anti-Clan"
1619,4771,"steandre"
1620,7809,"Zasa"
1621,653,"cloud"
1622,815,"καϲнвαr"
1623,1152,"speedy"
1624,3906,"keepmypl"
1625,823,"Rinnegato"
1626,1891,"Dieeego:B"
1627,690,"Eʀɴɪ"
1628,1217,"tio deivid"
1629,1033,"Ñı©Ø ÐUMMY"
1630,10810,"NiureK"
1631,905,"Nastya :P"
1632,993,"BoLBo"
1633,739,"35"
1634,702,"Dnike"
1635,3992,"Epic Fail"
1636,5619,"Smetanolub"
1637,5803,"Redy :3"
1638,858,"[D] RedFight"
1639,609,"Ban"
1640,3704,"ElNuVaTo"
1641,4227,"Kitten"
1642,6591,"Joker.♥"
1643,1901,"Ops"
1644,6487,"Мамбо"
1645,5081,"sendi"
1646,1744,"his cat"
1647,817,"БендеР"
1648,613,"Eragon"
1649,2259,"NoDeaL"
1650,3058,"Mizkibo"
1651,1434,"Aei'"
1652,1928,"Jerome"
1653,3167,"[A] Awesome"
1654,964,"Dumb"
1655,613,"Black Ninja :3"
1656,1020,"YaaOmo*"
1657,2602,"Rema`"
1658,970,"2"
1659,680,"Affe mit Waffe"
1660,982,"[J]avie[R]"
1661,2258,"Blindhero"
1662,973,"R41NB0WK1D"
1663,5326,"|JB*|Golden Axe"
1664,1193,"StAr."
1665,1017,"Space"
1666,3019,"Luna"
1667,1335,"LiLi"
1668,5571,"Bug"
1669,3642,"Scaar"
1670,2911,"Ante."
1671,1271,"JabberWocky"
1672,1620,"☠Alŧair☠"
1673,7980,"DataClaw"
1674,5210,"Ď∑ĀĎ Ąŋ"
1675,642,"Borsalino"
1676,9320,"fikmesån"
1677,3405,"vali"
1678,732,"☂athena☂"
1679,696,"MaDaRa"
1680,3410,"notfix"
1681,4922,"Mícronex"
1682,657,"Miiep :)"
1683,1091,"BsRobert Dummy"
1684,5553,"Cazz"
1685,668,"n@v©|99|"
1686,12100,"Esckiller"
1687,1335,"ʂƙɾιʅʅҽx"
1688,1329,"Sash"
1689,653,"Thresh"
1690,1464,".:o\\/oXo:."
1691,4839,"Kappa"
1692,615,"kokoro"
1693,5691,"Keyowah"
1694,638,"zik"
1695,785,"|SkriLLex|"
1696,2268,"fokkonaut"
1697,2044,"Tentacle"
1698,1033,"ღHunciiღ"
1699,1852,"(1)still namele"
1700,1844,"Fifi"
1701,4649,"DaRK| Do6pb|u^"
1702,750,"Kyuubi"
1703,2062,"[Nub]Wiesel"
1704,1316,"byAscension!"
1705,724,"Kero"
1706,4336,"BitchPlease"
1707,6539,"Neger"
1708,2274,"Vaфля'xx :3"
1709,766,"Virus2gay"
1710,3918,"Itachi"
1711,877,"Amir Khan"
1712,1178,"St3P"
1713,4972,"cB|henki"
1714,3354,"BlackSmith"
1715,1237,"[D] Cola Dose"
1716,1254,"Scarface"
1717,711,"brainless shit"
1718,1459,"KaK TaK?"
1719,10167,"Nejik :3"
1720,5871,"n000b"
1721,1053,"Gandalf"
1722,1539,"vinky"
1723,1397,"Yaser49"
1724,759,"onBrainLess"
1725,1951,"FB"
1726,2698,"From Hell"
1727,1655,"JonQ"
1728,5008,"Ⱨᴓςʜᴣ"
1729,1007,"dimitra :3"
1730,1158,"Smoove"
1731,1735,"lalaq"
1732,660,"ziickowolfs"
1733,1824,"Miastral"
1734,3467,"Славка"
1735,1683,"Shaddai"
1736,2407,"Ɛxσяу✠"
1737,604,"DumImmortal"
1738,3027,"Etna"
1739,970,"LilŞէɣℓєX"
1740,10705,"Genex"
1741,2008,"Mamax_du_51"
1742,3467,"yolo"
1743,881,"F1rSt"
1744,1269,"{L}Bluebull"
1745,907,"Tron"
1746,1231,"Metronome"
1747,1109,"___"
1748,853,"super_sanu(rus)"
1749,1972,"ShorTee"
1750,685,"Teddy"
1751,2899,"Síóz"
1752,958,"[D]Yek"
1753,5674,"Zuko"
1754,984,"x7"
1755,652,"Lifeman"
1756,1355,"Yoshi"
1757,1107,"Camper"
1758,1043,"Mar"
1759,1086,"villám 24"
1760,2378,"Brutaler"
1761,648,"9 Lives"
1762,5693,"Hake"
1763,1643,"Vasten100"
1764,7493,"15"
1765,1895,".thuGlifE"
1766,602,"[A] 'Insanity?!"
1767,2957,"Mickey"
1768,871,"\\/\\/"
1769,3677,"Wombot"
1770,2365,"Enyltyn"
1771,8548,"Exotix"
1772,1157,"fool"
1773,6067,"SkyHDTV"
1774,717,"Sagittarius"
1775,1687,"frannmt!"
1776,1652,"яღя|ηєєq"
1777,1136,"Volcu"
1778,5690,"ƤØŢĀŤ0|Co"
1779,715,"~*NeymarZ.*\\|/"
1780,1565,"».I beat yøu."
1781,4107,".:JeT:."
1782,3186,"Japvi"
1783,667,"Lickkky"
1784,954,"eStylez"
1785,862,"AlukarD"
1786,2873,"Moryspooks"
1787,1065,"_Mad_"
1788,2971,"luisfelipe"
1789,2703,"cookie-xy"
1790,4321,"Fallet'"
1791,2432,"ns~Zombie"
1792,1180,"Tira"
1793,2385,"Pio gay"
1794,1096,"Crapzy73"
1795,937,"Flummydummy"
1796,679,"iBlazhk' ~"
1797,3721,"Takito"
1798,3659,"Daanny11.*"
1799,673,"kbone97 DUMMY"
1800,6055,"x.RaveN'"
1801,1816,".'v!per :]"
1802,628,"[BOT] єlєςtгo"
1803,3199,"Eva"
1804,13399,"*~Rôny~*"
1805,638,"miami"
1806,661,"Boogsy*"
1807,885,"bot"
1808,1536,"deen_sucks"
1809,2615,"Aras"
1810,4532,"G·H·O·S·T"
1811,1628,"[D] Nejik :3"
1812,1953,"Ezpz"
1813,1202,"2_Ta6LeTki_PSP"
1814,1093,"mister x"
1815,811,"toptri"
1816,7319,"LuckyStrike"
1817,9099,"LeRa"
1818,2864,"Van Flyheight"
1819,3997,"R!ZH@S^^"
1820,1525,"KOLOBOK"
1821,1005,"Togge Prui"
1822,1887,"xXpitiXx"
1823,2023,"Gray Fox"
1824,2099,"electro"
1825,2594,"YeizouTheTurtle"
1826,699,"Down"
1827,4070,"Man of lag"
1828,1031,"Monocerotis"
1829,822,"SxMoZe"
1830,4279,"NoobNr27"
1831,4934,"mY selF'"
1832,3117,"Nõ GõõD «È"
1833,1365,"Marshmallow"
1834,1190,"Sylvo"
1835,3463,"OOOOresheKKKK^^"
1836,766,"»κѕℓεя"
1837,1334,"Ellatrix"
1838,3888,"Green"
1839,1671,"Rexhat"
1840,8418,"Gooran"
1841,639,"Meruem"
1842,693,"Lara"
1843,825,"ryusakee"
1844,909,"Pio gay 2"
1845,969,"[D] Zwelf"
1846,7677,"Zwelf"
1847,7723,"M|aria."
1848,2812,"Ale"
1849,1431,"Asna"
1850,2227,"KoTuK"
1851,696,"Pravda"
1852,3796,"[D] [D] [D] [D]"
1853,3476,"parker"
1854,765,"HQ|BlockDirnEis"
1855,1407,"[D] 15"
1856,3297,"'Fox ~"
1857,833,"AngéL"
1858,713,"Awesome Jr."
1859,1585,"NiKoTiN :P"
1860,1201,"duck."
1861,5235,"will"
1862,4175,"Tanatopsis"
1863,1195,"*|Gnidaol*"
1864,1886,"Colonel Frappe!"
1865,2562,"66613@$$"
1866,1251,"IceDriv3r"
1867,1175,"=) 'SaT -A"
1868,1668,"† Pyrorca †"
1869,1152,"Mell'"
1870,5359,"¥ø¢"
1871,2004,"SKULLCAP"
1872,1478,"EgorMat"
1873,2215,"CobalT*"
1874,8597,"dragon"
1875,6278,"SP | Someone"
1876,859,"Miau"
1877,1497,"Unreal"
1878,925,".:|Jâbirû"
1879,1488,"2.0"
1880,760,"Hartetomate"
1881,832,"RÍĊĦãг"
1882,4093,"handi"
1883,2409,"Jeremyer"
1884,1418,"da"
1885,894,"Iaan>:c"
1886,18488,"Goran"
1887,741,"Cr3amy"
1888,1273,"will2"
1889,3722,"АмиГО"
1890,1426,"[D]Daanny11.*"
1891,1567,"Zebazthiann"
1892,6201,"Noez"
1893,5079,"#Reborn*"
1894,1148,"HappyHippo"
1895,1098,"opera"
1896,661,"Angel <3"
1897,1207,"Cardiff"
1898,1027,"Clay"
1899,5218,"Hop"
1900,3751,"asu"
1901,968,"ȻαЯЪθИ ;)"
1902,1472,"Carnifex.?<3"
1903,1699,"tio marraqueta"
1904,5297,"fox"
1905,1112,"Yugishan"
1906,1485,"Viole"
1907,2126,"qb"
1908,3279,"mydak"
1909,1090,"Pixiie"
1910,1186,"BackiRuleZz"
1911,834,"Jenny Taylea"
1912,1935,"pandy"
1913,709,"EdieDummy4K"
1914,4802,"The28AWG"
1915,8816,"PaHDeRa"
1916,1485,"BâbySôfty<3"
1917,7914,"Lem0n"
1918,804,"KacPax"
1919,5348,"18m/s"
1920,7677,"|Michel"
1921,5652,"Mos"
1922,3494,"MSTAR :D"
1923,5189,"r4ptur3"
1924,851,"f1GhT®"
1925,834,"CogolloAmil"
1926,2043,"mo"
1927,2864,"Tar :v"
1928,3128,"LuxUnited"
1929,979,"Erica"
1930,7215,"Trap"
1931,2013,"Feuerfaust Ace"
1932,1445,"Bumbletee"
1933,1471,"Mekrioz.'"
1934,1314,"Endel"
1935,5100,"cropa"
1936,3533,"KaiserFX"
1937,6582,"ItachiEA"
1938,6256,"itsnoKonsti"
1939,771,"oirgori."
1940,1432,"Santa Claus"
1941,3451,"mB. | mikey12"
1942,4963,"mB. | dinner"
1943,712,"voiice"
1944,627,"Akira"
1945,1357,"Milo"
1946,1811,"mB. | maple"
1947,1289,"☮ZẠKDC00☮"
1948,1677,"Julia 24"
1949,2943,"Métàl"
1950,2046,"Đϻτεε²"
1951,4632,"Счастье"
1952,2503,"ɱίκгοη22"
1953,1913,"sweed"
1954,1045,"PôrnôKükén"
1955,1012,"Myke"
1956,760,"RŁ√Øiñ.SK"
1957,873,"salat"
1958,837,"Kranc"
1959,611,"Skape"
1960,7360,"Pastoer"
1961,1941,"Dr.Pep"
1962,615,"Kay"
1963,1918,"Blackie"
1964,1568,"Dheriancin"
1965,3693,"Alex :D"
1966,1248,"Alekor"
1967,3632,"|M| Hugo"
1968,1334,"donut"
1969,701,"Trollogic"
1970,997,"Unboxing"
1971,920,"»Sa∂∂o|♀"
1972,750,"Sinon"
1973,1130,"K"
1974,1097,"\\\\Koala//{LaB}"
1975,1029,"francisca*-*"
1976,1020,"1sh"
1977,630,"Laggy!"
1978,1944,"DaKoTa"
1979,3370,"Hel1oween"
1980,3115,"Clover"
1981,676,"Maeror"
1982,1648,"Shumadan"
1983,2754,"kiso"
1984,1771,"kotC9"
1985,3017,"Flor!"
1986,2314,"MtKuma"
1987,668,"Mr.Zodiac"
1988,2120,"[D] Lifkug"
1989,692,"Banka piva"
1990,2244,"Little lune"
1991,4722,"sux"
1992,8448,"I See You"
1993,929,"DaSocke :>"
1994,931,"IDDQD"
1995,998,"Pinou"
1996,2016,"Savalic"
1997,625,"Dangeroµs²³"
1998,814,"Illyoviszcztee"
1999,810,"Moose"
2000,927,"diegoxjr"
2001,5503,"Farbod"
2002,1420,"Kru"
2003,3923,"Paulo"
2004,1438,"Softcake"
2005,678,"Summer[~]"
2006,8202,"Novo c:"
2007,1124,"☠BlackWolf☠"
2008,8425,"pK. | Qywinc"
2009,934,"Rustyy"
2010,1169,".most"
2011,1791,"Hype"
2012,3141,"CZpatriusekCZ"
2013,22789,"Cor"
2014,13016,"StarkillerJr.<3"
2015,3995,"N@Ni"
2016,1515,"Burro"
2017,3219,"Patiga"
2018,1298,"Velozity"
2019,3715,"ObeyxSwags"
2020,2154,"javy"
2021,3015,"vnN"
2022,808,"SeeEss"
2023,2402,"Five'O"
2024,982,"Muttley"
2025,1477,"Alezore"
2026,1215,"BitchPlease Jr."
2027,5766,"King"
2028,1453,".Ɗנ ƊєƵєR"
2029,886,"Prem.'"
2030,604,"Bonnie"
2031,1322,"xiaodu"
2032,1466,"CharleHazelrink"
2033,1431,"TheNewOne"
2034,1525,"Nero!"
2035,3268,"[*Fly]FeatuRe*"
2036,601,"slower"
2037,1190,"[NoFear]-жив"
2038,3126,"A-Team"
2039,676,"⚔Two."
2040,622,"Mangle"
2041,5215,"SmokeR"
2042,745,"[MC]Z-bot[Ac]"
2043,1894,"Steal"
2044,1386,"darkness"
2045,1432,"Ԍнσυℓѕ"
2046,1280,"MrYellow"
2047,1169,"Staff"
2048,643,"Arty[TD]"
2049,4653,"froid.'"
2050,1183,"KoB.|Mikolas HD"
2051,2060,"Popold"
2052,619,"Ouch"
2053,1204,"Bαиαи"
2054,6037,"Skindred"
2055,1284,"Benni"
2056,6509,"iF' N!ce"
2057,2201,"Pzeko"
2058,610,"Maus"
2059,1585,"Ch3vY"
2060,2219,"Wubbzy"
2061,1277,"mB. | Exotix"
2062,22586,"TyшkaNчuk"
2063,1598,"me.*"
2064,2875,"[5]Cinq"
2065,7760,"hamster"
2066,614,"gB.|Im 'corneum"
2067,2022,"Nextel"
2068,2903,"|~Javiiersh~|"
2069,853,"BeeZ"
2070,1029,"[5]"
2071,788,"Racer"
2072,2265,"WhîteØne"
2073,1620,"Patrick Star"
2074,637,"Dont"
2075,1563,"bo"
2076,741,"bliZzard"
2077,750,"~Сахар~"
2078,803,"Javita"
2079,1234,"ÐȺRCØ []"
2080,1916,"Xitos"
2081,8011,"(1)TyшkaNчuk"
2082,4281,"electrohock777"
2083,10903,"Meliodafu"
2084,1007,"Ferelden"
2085,2919,"|CkayT|"
2086,649,"Kalash'"
2087,1949,"enRage"
2088,831,"TaPo4eG"
2089,3301,"ραηικ"
2090,18282,"Kicker"
2091,1792,"Dr.Pap"
2092,1592,"Buttifarri <3"
2093,1216,"Camper_Awesome"
2094,2947,"nUllik"
2095,1815,"TheMiniSun<3"
2096,6915,"Z[a]X"
2097,2257,"Tapete"
2098,2908,"Kurama Nr 9"
2099,2613,"Top40k"
2100,1111,"nibor99"
2101,4410,"Fasterbru"
2102,1950,"shoKs"
2103,1150,"Rhyszk"
2104,2067,"TaeR"
2105,7113,"(D)Cor"
2106,1507,"Yuuki"
2107,1866,"R<3R|O.O"
2108,3401,"[ĢøŴ]Lickout"
2109,895,"PaHDa"
2110,1244,"teeles name"
2111,823,"Kaper38"
2112,1297,"anything"
2113,921,"Sewix"
2114,1618,"Hanibal"
2115,1434,"Intercity dummy"
2116,2832,"LuBaS"
2117,893,"`BerSerK`"
2118,5079,"god*Xola_Xola77"
2119,2154,"Rilla"
2120,723,"Sebcbien"
2121,3275,"IRGNW"
2122,660,"Jesus"
2123,2961,"{Assasino Nick}"
2124,1018,"Katharina"
2125,7233,"KlexMikrowelle"
2126,3803,"Vatio"
2127,870,"Udyºº"
2128,1557,"Bali"
2129,697,"☣βlɑɗe.'"
2130,607,"♫"
2131,619,"paulmost [A]"
2132,779,".:Mivv"
2133,3597,"Spooky"
2134,775,"Sync"
2135,14243,"Ske"
2136,829,"Quarter again'"
2137,948,"'zєяσ.'"
2138,840,"weedwizard"
2139,681,"ÐØTUƧ"
2140,688,"Kickqlreatziona"
2141,1324,"SmokeRenoK"
2142,1072,"T~Seroishi"
2143,862,"Magic'x3"
2144,1116,"Natty"
2145,3471,"Ixed"
2146,2142,"Driliad"
2147,3253,".TeeO."
2148,6746,"Ryozuki"
2149,1212,"DarkKenny"
2150,897,"Людоед"
2151,1147,"iDark"
2152,1147,"NougatBit"
2153,1829,"Любовь"
2154,1429,"se"
2155,836,"2222"
2156,1581,"ℳѦℜℂʘ"
2157,1098,"Ewwss"
2158,873,"Grid"
2159,2309,"Jean Grey"
2160,933,"BulletStorm"
2161,1532,"kickass"
2162,816,"Young P&HP"
2163,1051,"KRN"
2164,4593,"Tridemy"
2165,1052,"shukako"
2166,847,"javy (D)"
2167,832,"2Moro."
2168,940,"Niroprob"
2169,1506,"Marzia"
2170,3452,"Kiewiet"
2171,1759,"PPPPinbo"
2172,4126,"SepaHero"
2173,2924,"ƒirew∂√e"
2174,4711,"Радость"
2175,3241,"Sucker`"
2176,5392,"Gin"
2177,13087,"Cyclic~"
2178,1215,"Cuube"
2179,651,"Stealth"
2180,2348,"Secondfive"
2181,1145,"LDS1003"
2182,2477,"…PitausK…"
2183,3831,"Pasta"
2184,781,"10|Soda"
2185,1317,"Jak"
2186,1514,"SiuFu[D]"
2187,7846,"Deeper"
2188,683,"._-:!zZz!:-_."
2189,1468,"Huiyi"
2190,2011,"[PenisLover]"
2191,958,"...öln..."
2192,756,"⋡HollyWood⋠"
2193,2419,"Pied Piper"
2194,683,"JocKel"
2195,1275,"watuLammini"
2196,1052,"Vyc"
2197,604,"ohcireJ"
2198,1530,"Teper"
2199,613,"JAck!"
2200,7776,"Pepsicola_o0"
2201,1539,"♕vinci13 | C"
2202,12448,"»Slayer."
2203,643,"Bakamitai"
2204,1732,"Slow!"
2205,1804,"Ernest"
2206,4340,".DanieL."
2207,17872,".:Danytto:."
2208,1356,"DummpiX"
2209,1568,"Skull"
2210,777,"Lv0"
2211,1449,"TaXoR"
2212,2439,"Bschil"
2213,2753,"NickoRyan"
2214,820,"NoHack2Win"
2215,1431,"Alaska"
2216,2338,"#Black"
2217,1445,"#White"
2218,2220,"jet`s dummy"
2219,2570,"Axaris"
2220,3568,"JeanneDark"
2221,5174,"VipeR"
2222,2127,"Victoria"
2223,7168,"Jonaà"
2224,1302,"The Kid"
2225,1148,"Sgt. Reichsbier"
2226,934,"AdιxZ✔"
2227,1025,"FaDiAsHeN"
2228,903,"yo ?"
2229,905,"Matorow"
2230,3831,"Carolina."
2231,838,"White :D"
2232,3201,"Sadist06"
2233,641,"Morgan"
2234,629,"pVp's dummy"
2235,1413,"'Godze."
2236,3141,"Cryptic"
2237,1313,"Sum"
2238,1059,"sunterry"
2239,1367,"Flora"
2240,1062,"[D] SkiLLz"
2241,717,"wB. | StAr."
2242,1241,"ZiKkie Loh"
2243,648,"`mdzdri."
2244,1092,"Kisuma"
2245,802,"Aym"
2246,1122,"AsþiŘe"
2247,3920,"Saij Legend'"
2248,749,"Kenzo"
2249,3033,"okmine|Bro"
2250,1106,"Otaku"
2251,18476,"Beiroc"
2252,2075,"ZSX"
2253,1856,"brainless sandy"
2254,618,"Lion"
2255,833,"EŁeK"
2256,16195,"Skaydox"
2257,4263,"clefairy'"
2258,1451,"FleX"
2259,3239,"Tequila | 1"
2260,1077,"Nig"
2261,1503,"Nicoohx"
2262,1300,"Imm"
2263,1494,"AlbertoSaurio"
2264,17507,"Noctua"
2265,2341,"Zith"
2266,9607,"venoM"
2267,3560,"Telus"
2268,789,"»zero T'nP«"
2269,1804,"ZP|Soul'"
2270,1498,"Banger"
2271,687,"Zub-Zero"
2272,762,"Sloot-Hero"
2273,724,"Sir FluffyPanda"
2274,1089,"Aspirin"
2275,1044,"Swift"
2276,606,"KinDer"
2277,3714,"Jonissi"
2278,927,"IRGNW-ХУЙ"
2279,3059,"ṨtylerTime"
2280,8234,"kill the tee"
2281,2367,"TheJoker"
2282,6741,"TeRaTeX"
2283,670,"Медведь"
2284,1634,"Mσяσdíη☮"
2285,924,"l'homme au bob"
2286,1241,"kolobok"
2287,648,"AStop"
2288,1681,"eblan"
2289,772,"kill the dummy"
2290,3877,"atreides"
2291,1522,"[Fr] Volt"
2292,5290,"Lier."
2293,745,"DesuIsMyGay"
2294,2892,"3oTo"
2295,2200,"Beiroc-"
2296,1091,"Archangel"
2297,2729,"HikaRu"
2298,749,"DeathBirdVV"
2299,803,"pizdun"
2300,8506,"ByEdGaR"
2301,1299,"Ridrak"
2302,6442,"CrashtimeHD"
2303,1491,"amadeus"
2304,2126,"V~electrone"
2305,4033,"loshkir"
2306,738,"Gurk"
2307,1562,"Auftragsmöwe"
2308,4086,"HaHAxD"
2309,983,"camo pumpkin"
2310,2377,"PanQuesito"
2311,2223,"Angell"
2312,1763,"FeaRZ"
2313,1165,"Yung Puncha"
2314,8922,"vizur"
2315,937,"LucifroN"
2316,619,"MeshMash"
2317,810,"Aposqueesh"
2318,14426,"Wondernoob"
2319,1809,"Gogi"
2320,3105,"Garoven"
2321,3933,"AxxA"
2322,936,"Big Fudge"
2323,627,"!giraffe!"
2324,619,"¡[W]hisky!"
2325,820,"Zaiross"
2326,930,"Tee-mo"
2327,1123,"mops333"
2328,1839,"dimi"
2329,5644,"meew'"
2330,3690,"fish"
2331,2809,"©Mattxeno®™"
2332,1288,"LePyromen"
2333,726,"Rago"
2334,1259,"ღLeviRawrღ"
2335,1228,"koala:3"
2336,769,"White"
2337,2182,"CatBerry"
2338,4521,"B/\\NKSY²"
2339,5223,"Trill"
2340,3288,"Certus"
2341,7068,"*~Cooki3~*"
2342,2046,"Torquemada"
2343,705,"®Mattxeno©™"
2344,1607,"DarkChaos"
2345,2039,"Air )))"
2346,645,"mB. | Novo c:"
2347,1341,"stridouille"
2348,1655,"KennY.*"
2349,5440,"NetFusion"
2350,781,"whas"
2351,901,"~PanConPate~"
2352,3471,"Robz"
2353,2255,"Diegou<('-'<)"
2354,1965,"DropThisShit"
2355,2569,"Dubstep"
2356,606,"Gresok"
2357,1100,"Ex"
2358,17313,"Tropo"
2359,4929,"White-King"
2360,2753,"Ⱥиøиιӎσ"
2361,646,"LeRaLeRa"
2362,1246,"arb"
2363,866,"vasan"
2364,788,"Leto"
2365,808,"luke123"
2366,2578,"Tarte Vador"
2367,622,"Avo 2.0"
2368,1131,"Aya.'"
2369,2831,"|FirKys| :3"
2370,1178,"Summon[NZ]"
2371,4460,"xzxzx"
2372,5012,"BumBumeq"
2373,4869,"Akko"
2374,2692,"DokterSweg"
2375,681,"ЯΞMΛłЛS✌"
2376,7777,"Pfandflasche"
2377,4038,"XXALI"
2378,1962,"Zîmm"
2379,718,"Shefer.A"
2380,2579,"Feodal"
2381,1395,"merlin3876"
2382,2014,"m1c"
2383,1026,"AxxA D"
2384,6250,"КОПАТЫЧ"
2385,971,"Rinoku"
2386,1948,"rao :з"
2387,1445,"הּίtɾσ"
2388,1572,"Wonderdummy"
2389,1697,"xXìcéXx"
2390,1059,"DDracer"
2391,1378,"ÑE"
2392,2834,"pixel"
2393,2584,"m ga-tee"
2394,1147,"Gabi"
2395,5196,"Artac29-x"
2396,1883,"Sunshine"
2397,4213,"φι"
2398,635,"danylr"
2399,1069,"TBAPb"
2400,1094,"TwistedFail"
2401,2035,"Dream.~"
2402,620,"Freshmjnt"
2403,1556,"Клёпа"
2404,1138,"Dope Senpai"
2405,4057,"mouze c:"
2406,2592,"a s d f :$"
2407,1421,"kemp4chy"
2408,1771,"--Syd--"
2409,2728,"Fisab"
2410,3811,"Antro"
2411,611,"[GHOST]"
2412,6343,"K.LoLiK"
2413,1637,"Roco"
2414,2994,"Nima_Death"
2415,747,"Eyex"
2416,954,"Naomi"
2417,1248,"xodyakS"
2418,23687,"Grk0ne"
2419,1739,"WizKate"
2420,6250,"Shorts"
2421,918,"Insane Tee"
2422,846,"·Rotte!"
2423,1696,"WorkouT"
2424,8217,"maniac"
2425,2342,"Kroko64"
2426,1149,"dṑ_ṓb"
2427,1132,"samcro"
2428,723,"EddieSickHD"
2429,1283,"Skystrife"
2430,1661,"dzl <3"
2431,5333,"Ѡєєzϻє"
2432,1048,"darkorca"
2433,1122,"BL Raven"
2434,5562,"ALPHA"
2435,1553,"Takeshi"
2436,926,"₡ɍѻXѻɍ₡"
2437,2067,"VíĸŧøR"
2438,912,"Vaclav"
2439,816,"Vanix3"
2440,817,"Nanana"
2441,1401,"Camii :3"
2442,1093,"Jamby"
2443,7631,"[Antee-Virus]"
2444,1464,"Jui :3"
2445,707,"Lemur"
2446,1330,"FRZ"
2447,1844,"Silly[AGDQ]"
2448,1847,"DS"
2449,6191,"¶₩αr·Ṩ·"
2450,904,"Konst"
2451,674,"PogChamp"
2452,1050,"DayS"
2453,7782,"RageBaby"
2454,11180,"coradax"
2455,3500,"Saphire"
2456,4007,"~Milaa♥"
2457,1076,"DaveBinLaden"
2458,1318,"Daan.-"
2459,670,"Tinlex"
2460,1780,"Tropo[D]"
2461,16667,"ZimE"
2462,673,"Ɱɍ ₮ɇɇ"
2463,5630,"[D] ByEdGaR"
2464,1629,"[D] NiureK"
2465,2826,"Сахарок"
2466,1010,"Javii"
2467,1790,"Sonic.exe"
2468,10077,"Fluday"
2469,1683,"Xyu4"
2470,3137,"KIllZ"
2471,1694,"Tio Walky"
2472,749,"Lastmagic Baka"
2473,3848,"ProsTo/urpok/"
2474,1071,"Sätzling"
2475,1421,"kitto"
2476,3597,"Solid"
2477,2240,"Anni"
2478,684,"Deku"
2479,1526,"Zhack"
2480,780,"MuffinMario"
2481,5667,"Sanjar"
2482,1575,"OS'Rush"
2483,4618,"Forzed"
2484,666,"18ms"
2485,7971,"Mr.E}|{UK"
2486,1013,"Clown"
2487,800,"bunny"
2488,709,"Pataner"
2489,778,"@_w13z_@"
2490,1662,"mentalyUnstable"
2491,847,"D - Large"
2492,14669,"Infern@L"
2493,751,"franken"
2494,2543,"ryʉ."
2495,1673,"pudge :p"
2496,1066,"Lola"
2497,1005,"Fortis"
2498,1471,"ԍʜοѕᴛ"
2499,1121,"£εo"
2500,813,"QueSucedeStyle!"
2501,1090,"Suki"
2502,850,"alexi*-*"
2503,865,"Jasono-san"
2504,717,"GooranBigNob"
2505,1162,"Punkt T'nP"
2506,5017,">DragZ<showoff"
2507,5039,"#skyrx`skQ"
2508,1030,"FeuerBomb"
2509,3452,"kolik"
2510,751,"SPIRIK"
2511,1989,"Hollow"
2512,833,"Charlie Scene"
2513,640,"Mordred"
2514,1758,"Mus"
2515,3002,"lNobody22l"
2516,2460,"Chantré"
2517,2427,"red kitten"
2518,663,"Zon_D00M"
2519,1180,"Rayny T'nP"
2520,2926,"Yo Bitch"
2521,1311,"Walterok"
2522,12002,"Jimmy Jazz"
2523,893,"Onemoix"
2524,768,"Mucki"
2525,1045,"Policeo"
2526,1765,"camo"
2527,3420,"|Snow|"
2528,4697,"W@l!e"
2529,1776,"seLFiii <333"
2530,667,"Anuki"
2531,1134,"Karlee"
2532,674,"ololosha"
2533,670,"CLow"
2534,664,"P@P!"
2535,829,"Seung"
2536,999,"kεηόƅy"
2537,2863,"ad"
2538,1003,".Reborn*"
2539,631,"Garik"
2540,2052,"Ravage"
2541,912,"[D] Kroko64"
2542,898,"KG.KlimoZ"
2543,1416,"Queen"
2544,1295,"Jona aslñas"
2545,6069,"Diiego:3"
2546,1762,"XxTaZeR"
2547,639,"xXRazerXx"
2548,814,"Insane"
2549,4909,"NRG"
2550,1965,"~TioBoTi~"
2551,1003,"Goriana Grande"
2552,1132,"Marethyu"
2553,1026,"zxzxz"
2554,813,"okAns"
2555,3732,"Vega"
2556,3160,"Zer0o0"
2557,830,"H|amish."
2558,2818,"Hallo"
2559,3125,"Fin"
2560,1168,"$-Benja-$"
2561,1856,"Ňeroא`skQ"
2562,3124,"Tomoyo:3"
2563,1355,"Teper T'nP"
2564,2537,"*LooGiaH."
2565,1588,"Biggie"
2566,2361,"ibastianxd"
2567,1885,"|#Snaier#|"
2568,1370,"AxePlay"
2569,1255,"Sheep"
2570,2900,"Chao"
2571,682,"ReTTeX"
2572,1734,"Poklakni"
2573,1006,"Dummydafu"
2574,7711,"dIeD"
2575,2692,"[D] Infern@L"
2576,3013,"Venoso"
2577,5184,"caro:3"
2578,2656,"Pfefferminz_"
2579,8029,"MØtiv"
2580,8416,"<#><#><#><#><#>"
2581,652,"Nr.2"
2582,1319,"Mafer"
2583,727,"(CyborgSmurf)"
2584,1751,"m4xk1ng"
2585,4242,"Polector"
2586,2384,"beer panda"
2587,1198,"Bolto"
2588,2175,"Jade"
2589,1928,"TerraMaster"
2590,5464,"mrs."
2591,4633,"egorfake"
2592,732,"bot^^"
2593,637,"MuronSraka"
2594,1198,"The Girl"
2595,1089,"SneakyJezuz"
2596,1390,"# Pdb! #"
2597,10176,"lola"
2598,1791,"SirJoke"
2599,734,"Ximena"
2600,768,"My Aim Sucks"
2601,840,"RussiaKing"
2602,3469,"Jugoo"
2603,2028,"^OmaR<^"
2604,1634,"El_Demente"
2605,727,"Red_John_"
2606,883,"ScarletFaith"
2607,9378,"Eki"
2608,829,"ivan"
2609,835,"Ghetto"
2610,864,"perry"
2611,1552,"Minⅈ ♂"
2612,1329,"Alexander"
2613,1034,"Bucket"
2614,1017,"ɑɱɑɀɩŋɢ'"
2615,1500,"Morgoroth"
2616,1796,"Samael"
2617,1268,"Dongarilaudaeru"
2618,848,"Kirby T'nP"
2619,2383,"Hardy"
2620,1196,"Reddy"
2621,1215,"tuxsux"
2622,1036,"Ayumu"
2623,1344,"EzKeR"
2624,754,"HAKALA"
2625,1193,"Twoclassy"
2626,4991,"Testosteron.'"
2627,3780,"Spino"
2628,749,"Connie"
2629,1886,"WB|akrol"
2630,1291,"TW_Taigo"
2631,5034,"diamantium"
2632,1183,"Joobin"
2633,1145,"Lefty"
2634,2456,"[Lagger] Nick"
2635,971,"[TNK]LooL"
2636,20434,"gL. | Kenzo"
2637,1667,"R|igrem | 45."
2638,891,"Benkun"
2639,2756,"DeaDfx"
2640,1357,"Icarus"
2641,3418,"Monster~"
2642,2525,"Fate Stay Night"
2643,766,"twinbop"
2644,2394,"Bonic"
2645,2628,"Ochinchinoishii"
2646,3272,"zandyZ"
2647,1165,"Maethorion"
2648,1787,"MooGeek"
2649,1525,"VS.DarK"
2650,3333,"ZenMaster"
2651,1245,"Light :3"
2652,1066,"Kroop"
2653,4331,"WojMen"
2654,704,"Lag | Javanny"
2655,2137,"CraftingTeddy"
2656,723,"KickinMACHINE"
2657,677,"butcher"
2658,813,"Ruby"
2659,1319,"Sandwich"
2660,682,"Fly"
2661,807,"SukLuck"
2662,987,"CarolVlCznYu"
2663,792,"Faceless tee"
2664,1533,"aeiou"
2665,2118,"anticrablol"
2666,749,"Richard"
2667,4248,"ZP|OverKill'"
2668,754,"Sparazi"
2669,8327,"Mr. Hyde"
2670,8503,"Dr. Jekyll"
2671,983,"Op"
2672,2139,"blue kitten"
2673,4979,"Woozie"
2674,2753,"Gignr"
2675,958,"Fall"
2676,1264,"Frank Black"
2677,634,"FailLordKnuddel"
2678,1148,"Ice!"
2679,1113,"[M]onshُُُُ"
2680,4107,"Raku"
2681,1262,"green kitten"
2682,2241,"VAI FAI"
2683,2568,"raNYnight"
2684,1637,"toM"
2685,4314,"Togepi"
2686,10336,"Keffz"
2687,824,"(1)Evgesha"
2688,2202,"Lecter"
2689,2050,"Pear"
2690,1812,"KaRaPuZiK"
2691,2253,"jaime"
2692,673,"'Hasii *-*"
2693,826,"nich päddy"
2694,662,"Vaфля{D}"
2695,2427,"sasha007260"
2696,1291,"Cupcake"
2697,4764,"superob96"
2698,1557,"DarkHelloKitty"
2699,1097,"Mícronex 2.0"
2700,988,"Huitzilopochtli"
2701,2926,"Iced Tea"
2702,2743,"LuC!D"
2703,1548,"Farbod2"
2704,2346,"Nakama"
2705,5078,"Fraanco"
2706,1182,"Hoch's Friend."
2707,3878,"ZP|Niklas'"
2708,4872,"ZP|SplashFace'"
2709,911,"Rezz"
2710,1166,"TheShifter555"
2711,1298,"Eckichy"
2712,1233,"Michael12364"
2713,836,"Dexlin"
2714,866,"vourtex12"
2715,2258,"Didinette"
2716,4486,"Zedow"
2717,655,"EqzZ :3"
2718,662,"Lai"
2719,13145,"Sαnti~"
2720,3066,"woniu"
2721,3173,"lamp"
2722,2188,"Matrix"
2723,769,"».I beat tøø"
2724,1539,"Clyde"
2725,2681,"minor"
2726,1382,"σℓí♡"
2727,2042,"Exit"
2728,716,"Raker3000"
2729,872,"dark flo"
2730,854,"Gggasasadada"
2731,2896,"Bale-u-"
2732,2737,"nexusrf"
2733,978,"'Ќργφμ :*"
2734,1296,"[TNK]Angry"
2735,1203,"[SN] Be Happy"
2736,923,"TheMealton"
2737,14040,"'faceless"
2738,1378,"kulers"
2739,3862,"Hellish."
2740,1552,"Himéliefu"
2741,811,"Ice-GanGer"
2742,628,"Just"
2743,8915,"TeeLee"
2744,938,"Domex"
2745,1089,"Purzedo"
2746,622,"Kanthal 0.32"
2747,3245,"Laenib"
2748,1474,"Sorrow"
2749,3072,"Deril"
2750,2280,"Flarez"
2751,2312,"EzzyPezzy"
2752,1044,"Vloops"
2753,3451,"Ɗıƞo"
2754,1445,"Odens.SK"
2755,605,"Kise's Princess"
2756,1299,"stower"
2757,1692,"TíoWolfer:$"
2758,5952,"SantosTuMacho!"
2759,749,"Summy DcoFly"
2760,1156,"Fantas"
2761,694,"Calcifer"
2762,1107,"Alexa~"
2763,1668,"GodzZilla"
2764,653,"Fate Zero"
2765,2012,"White Jack"
2766,1268,"spiryti"
2767,1173,"Patricia"
2768,3583,"ŊØṼÅ"
2769,1070,"Mabel"
2770,1589,"LichTi"
2771,5267,"diVid3"
2772,3786,"Fizzy"
2773,2121,"w001"
2774,1104,"Kkads? ^_~"
2775,1049,"SarKro"
2776,3712,"By^Kuroko"
2777,990,"orange"
2778,685,"LΔƬΣGΔΜΣ"
2779,843,"HoneyAmeise"
2780,3339,"~0"
2781,992,"Colourmatic"
2782,732,"IceyTek"
2783,1656,"Gaara_CZ/LOW/"
2784,846,"po"
2785,1297,"Я"
2786,610,"#chilledvibes"
2787,7933,"snailx3"
2788,2175,"Noffelect"
2789,4822,"Imperius"
2790,1205,"qpr"
2791,1543,"LegMaxterBR"
2792,2270,"(1)Sαnti~"
2793,1181,"Snoek"
2794,1610,"kInDeR"
2795,1597,"Bumi"
2796,1206,"Huey Tlatoani"
2797,851,"Happiness"
2798,2155,"RuF0"
2799,740,"Nefci"
2800,5821,"Bawki"
2801,2705,"RB-homo"
2802,5152,".Sadabenn"
2803,2876,"stompie²"
2804,1208,"DIESEL"
2805,636,"Baby Lee"
2806,2210,"Selfarion"
2807,2369,"GANS GANA GANUS"
2808,826,"RPG7609"
2809,666,"Last"
2810,1129,"tor"
2811,3016,"Mini joe"
2812,4366,"Futiao.SengSang"
2813,654,"Lic"
2814,819,"Eto"
2815,2083,"Schlappen"
2816,2330,"ZarneXxX"
2817,1141,".dfq?"
2818,698,"[D] GlobQ"
2819,17549,"Cendren"
2820,4478,"Koksy"
2821,910,"Lip"
2822,966,"Batiskaaaf"
2823,1082,"triamort"
2824,1010,"6god"
2825,635,"Vintage"
2826,888,"Kalinka"
2827,984,"RazGrom"
2828,697,"mB. | Seba0006"
2829,1700,"xXShuShinkoXx"
2830,3050,"Krasty"
2831,3435,"Re"
2832,4399,"Drifer"
2833,855,"Emily"
2834,1269,"Gaia"
2835,3669,"JsxfT"
2836,648,"computervirus"
2837,1749,"{    }"
2838,2161,"Knut"
2839,608,"Mafyou"
2840,7024,"Miausuke"
2841,804,"Aizen"
2842,2718,"c0d3d3v"
2843,942,"cyberFighter"
2844,613,"Belka^^"
2845,12188,"NANAMAR"
2846,1331,"Yato"
2847,1805,"inside/.buffer"
2848,2538,"Oh no"
2849,631,"GoDx"
2850,2079,"Ac1dBeef"
2851,639,"Donetasy"
2852,873,"MrAverain"
2853,1031,"NickZero"
2854,1207,"HelpMe43"
2855,1148,"Callum"
2856,4439,"Poi"
2857,633,"SpaceTime Zushi"
2858,1598,"[MLP]Phoenix"
2859,1930,"No One"
2860,3023,"el barto"
2861,979,"el homo"
2862,1259,"Anomynous"
2863,4923,"Greeen"
2864,880,"Blizz"
2865,4679,"SpaCe_|rus|"
2866,1200,"Broken_Wings"
2867,2897,"Rherra"
2868,799,"Muruk|XLH"
2869,2441,"t"
2870,930,"noob#1"
2871,3467,"g_G"
2872,771,"Venki"
2873,7832,"Nyanto"
2874,784,"Migget"
2875,640,"ƿray!"
2876,1107,"Zeldalink"
2877,6959,"Reed"
2878,774,"dinner.dT"
2879,1004,"|GH0sT|"
2880,1322,"Tudisco"
2881,2530,"Jumgar"
2882,3269,"CAVEIRAFIRE"
2883,4975,"OnePiece"
2884,3600,"Hyru"
2885,1180,"refresh"
2886,1014,"MichelleGame"
2887,7291,"Luxury"
2888,623,"[D] Luxury"
2889,634,"Miaus"
2890,3285,"Deadpool"
2891,2785,"Senphys :3"
2892,6580,"Her0"
2893,7573,"Lumpy ◐ω◑"
2894,862,"iNicoCC"
2895,3979,"miamia"
2896,2213,"DostorNutria"
2897,3192,"tinkywinky"
2898,1621,"dabeast"
2899,2853,"Saret"
2900,5540,"Nekoma"
2901,678,"Walkito"
2902,7177,"©ßøæø®"
2903,970,"Tchaaaa!"
2904,784,"Rin"
2905,648,"Friendly"
2906,8920,"ɌʘϚКỤṨ"
2907,4148,"Teach Me"
2908,1698,"Piciu"
2909,922,"Soyler"
2910,671,"[D]Teach Me"
2911,623,"Flipper"
2912,2132,"сAт"
2913,2099,"Reptiliaemon"
2914,732,"25th Baam"
2915,998,"BammeL"
2916,8018,"zelda."
2917,2087,"Kammu"
2918,2202,"Pelao"
2919,3680,"gilgamesh"
2920,4430,"ɱɌϻȁtЄʂЖ"
2921,817,"Bobo"
2922,1445,"|xShark|"
2923,2104,"Charlie"
2924,679,"34sale"
2925,639,"[Xorty]"
2926,2735,"QuiX"
2927,1449,"Trax"
2928,1125,"°Tee° Dummy"
2929,2305,"Adamiomn"
2930,3907,"SoSb"
2931,2024,"Kondzik0xd"
2932,1364,"ImL3G3ND"
2933,1525,"BabyLee"
2934,641,"Mattia1610"
2935,2493,"Ushko"
2936,699,"SW|Tchaaaa!"
2937,1395,"Skrah"
2938,837,"Pumba"
2939,1670,"CRONOS"
2940,703,"amber"
2941,1558,"Sepu >w<"
2942,4146,"gohan"
2943,1843,"AIMER"
2944,947,"NovatoDrace"
2945,1024,"ryoma"
2946,627,"dead man6789"
2947,915,"Brigi3\"eS\""
2948,983,"|NoobPro"
2949,639,"Michelin-Mann"
2950,1332,"Feeminator"
2951,840,"Baumii"
2952,6306,"NYZE"
2953,6091,"Vinci"
2954,654,"K-On!"
2955,1144,"PTS[Ger]6"
2956,604,"mushi"
2957,3022,"sen pa'"
2958,635,"Rekzte"
2959,1573,"Vinci[D]"
2960,962,"Intego"
2961,615,"Benni T'nP"
2962,712,".ʟᴜĸᴀ♫"
2963,1984,"Matsched"
2964,2027,"DоZZeR"
2965,1357,"QQ|ŜĦaÐʘω"
2966,8033,"Larlok"
2967,2545,"FreBoN"
2968,2574,"℉ƦëƁØƝ"
2969,3088,"DarkTee"
2970,726,"Vee"
2971,1308,"Cerah"
2972,2811,"Abadon"
2973,934,"nSD`VuDu"
2974,3465,"Cyclic"
2975,3037,"Xubaca"
2976,3795,"Orbit"
2977,3438,"it robertusg"
2978,2399,"Emaisma"
2979,1355,"ESFD"
2980,1926,"(1)iF' N!ce"
2981,1357,"iReimu"
2982,601,"BilMoG"
2983,641,"Protozoą"
2984,5620,"Sя.ÐǾĠ€"
2985,1643,"archive"
2986,1188,"Werdjenert"
2987,816,"Captain AMN"
2988,752,"Enchanted"
2989,1127,"ɅùҲ☢"
2990,1260,"~Niikolas."
2991,5296,"Dan_cao"
2992,1106,"GaLaXy"
2993,2366,"Cenderless Tee"
2994,1227,"Phaeton"
2995,7534,"gdin"
2996,2165,"mip_s^t"
2997,3072,"Jkey95"
2998,4470,"Work"
2999,1656,"Seltsam"
3000,1342,"De1ete!?"
3001,680,"Excuse me Sir!"
3002,1257,"LazyYoyo"
3003,4092,"Fimp"
3004,1471,"Temmie"
3005,2967,"Manmellon"
3006,3598,"hZedres"
3007,1124,"Wh!te"
3008,6673,"Carrey"
3009,729,"legser4"
3010,2365,"emp"
3011,1248,"T-rex"
3012,1251,"Rocket :3"
3013,2657,"GoldDigga"
3014,1327,"Rise"
3015,1568,"[D] Carrey"
3016,1077,"Wow.<3"
3017,887,"dvst"
3018,1672,"Faymir"
3019,673,"Owl"
3020,1560,"Seppl"
3021,1052,"goku"
3022,2617,"apfeltee"
3023,870,"Ewok"
3024,1196,"Sn✻wy Owl"
3025,11402,"Brokecdx-"
3026,936,"DumBLeX"
3027,1864,"Marmare"
3028,1805,"IcyLover"
3029,729,"EU| Blix"
3030,734,"βadfeelingء"
3031,901,"MonkeyJr"
3032,929,".mario>"
3033,1023,"vourtex"
3034,608,"Cr3amY"
3035,672,"beenster22"
3036,1366,"Nonix"
3037,1542,"Knud"
3038,1114,"Bakard"
3039,1077,"Clanless"
3040,1503,"Protokol T'nP"
3041,2696,"Agressor"
3042,1262,"e32"
3043,2329,"umbrella"
3044,735,"tulas"
3045,1028,"siO"
3046,821,"shameless tee"
3047,1475,"Qwu"
3048,873,"2.5"
3049,2072,"Кальмар"
3050,1982,"ÇH€ØN54"
3051,6706,"Albano"
3052,916,"majiQ"
3053,601,"Nexarius[Dummy]"
3054,3446,"Fermer"
3055,630,"MaximoPalo"
3056,1376,"Ka1n"
3057,2507,"CziBB0"
3058,2043,"White Elefant"
3059,7463,"Akari"
3060,625,"B4K_ermen"
3061,3283,"Djole^"
3062,948,"©Microsoft"
3063,784,"ReaS"
3064,636,"- HuaHua -"
3065,687,"Mr.Dre"
3066,3286,"DarkPikachu"
3067,672,"Sönïc"
3068,758,"Kian"
3069,1250,"Tontin"
3070,634,"Workiii"
3071,1577,"Mugii"
3072,1680,"iKizu"
3073,1228,"elch10"
3074,1335,"CRANK"
3075,677,"LongTee"
3076,2467,"Mr.Macia"
3077,1407,"dilhan"
3078,1497,"agusx30"
3079,6602,"MilTee"
3080,1669,"Zhorik"
3081,1906,"Butterkeks"
3082,5251,"ZP|Koksy'"
3083,776,"JOJO"
3084,1982,"Prepare"
3085,1127,"Pointless"
3086,4760,"noler oj"
3087,757,"Polectors Dummy"
3088,2543,"worstwish"
3089,1041,"QEBYN PLOX"
3090,5266,"ThatIvan69"
3091,1093,"Sky3DTV"
3092,616,"xS"
3093,3446,"Pumpkin"
3094,675,"Sir TX"
3095,648,"IReallyAm322"
3096,750,"Apokalypse"
3097,2250,"One!."
3098,2696,"Gordon"
3099,1220,"sandman"
3100,1928,"LeTEErrorist"
3101,3896,"Fuk0"
3102,5438,"Avasus"
3103,1207,"Valen_"
3104,987,"TurTle"
3105,7825,"jao"
3106,1104,"nuff"
3107,3271,"lasolitude"
3108,822,"~#BaaH#~"
3109,1445,"navc99"
3110,2208,"NiC0_99"
3111,1268,"Admadiomn"
3112,1819,"Wladimir"
3113,5000,"Julia :3"
3114,619,"RoInfect"
3115,2089,"Šøø™"
3116,867,"A*| Timon"
3117,1083,"Se0xX"
3118,1186,"Hoffi"
3119,1527,"novaaah T'nP"
3120,2672,"wena secreT"
3121,897,"♪"
3122,2040,"zDark"
3123,3523,"Kill3rh4s3"
3124,4302,"jette"
3125,1367,"Sepsentto"
3126,785,"FeaQ"
3127,779,"Kiwitee"
3128,3861,"[L]einad"
3129,1525,"never T'nP"
3130,3028,">(^.^)>#"
3131,614,"2pac"
3132,676,"Alexis>:c"
3133,1899,"Pet"
3134,4254,"Calavera :$"
3135,1843,"Xusep"
3136,651,"Nêo"
3137,2164,"Just a fish"
3138,4412,"wαтѕ"
3139,4813,"Songoku"
3140,1171,"Web`ka"
3141,697,"ROCKet*"
3142,3824,"NidardoHD"
3143,616,"|SD|DISA609"
3144,1341,"sKatt"
3145,1384,"Frieze_42"
3146,1117,"All Hail Shadow"
3147,2089,"CodeX"
3148,1067,"SR_CooKieHD"
3149,12707,"Blurry"
3150,1610,"3721301756"
3151,688,"udaw"
3152,1381,"Cryocynical"
3153,631,"MUUUKIII"
3154,1891,"kaddy"
3155,2749,"Tyodok"
3156,953,"Fuyea"
3157,2453,"-=TIGROW=-"
3158,1337,"snail did 9/11"
3159,7411,"BRAIT"
3160,2028,"Triload"
3161,2537,"CookieCrospy"
3162,4110,"Hampelmann"
3163,648,"Cabron"
3164,717,"ratkid0006"
3165,1440,"*Catollic*"
3166,5987,"Blum"
3167,901,"Печенькo"
3168,2016,"6aTaRe9I"
3169,758,"ioP"
3170,3106,"Rocky!"
3171,1052,"dope"
3172,641,"Xandaros"
3173,1278,"Juicy"
3174,692,"dummy:D"
3175,778,"SquareDeltaFox"
3176,694,"gL'TrollyBoy"
3177,938,"RorrooH! ~"
3178,1008,"Nikkeu"
3179,653,"BeerBelly"
3180,2192,"LAM"
3181,643,"Chilioa"
3182,902,"DreamCool"
3183,1157,"Witherhunter02"
3184,889,"Rips"
3185,6280,"Keiss"
3186,1161,"Jakoo"
3187,616,"Seedyrom"
3188,2964,"Allison"
3189,3783,"Novoобраз"
3190,1680,"A.S.P"
3191,1718,"NVBEG"
3192,5128,"OsheOse"
3193,1455,"Pipatzo"
3194,1728,"Desaqq"
3195,604,"ϖΔτerMelσne"
3196,618,"Barbs"
3197,3444,"[DDM] Anvil"
3198,5203,"Lwai"
3199,2175,"Rovikko"
3200,3820,"Acadia"
3201,886,"UpTownGirl"
3202,1472,"HaZeNobody"
3203,2874,"TheCrazyFredi"
3204,943,"Chalequex"
3205,3223,"another"
3206,1061,"Nagi01 {LAN}"
3207,1112,"σхтσ"
3208,1249,"FairyTail"
3209,1345,"Lagar"
3210,613,"RemiL :3"
3211,1594,"Loïs"
3212,1593,"rayman202"
3213,682,"Harak Dummy"
3214,694,"Latas"
3215,986,"Jorek"
3216,2166,"Kazuko"
3217,4284,"NFS"
3218,3274,"SadBanana"
3219,971,"ГУЛЬ"
3220,850,"Inkompetenz"
3221,4050,"AssasinMaster"
3222,3874,"[D]coradax"
3223,4154,"Bonny"
3224,2522,"El Mohands"
3225,675,"NooG4t"
3226,636,"Serta"
3227,1426,"Sasukey"
3228,8887,"Jawsh"
3229,964,"Monik"
3230,2261,"ChaLoko"
3231,862,"PantiesHunter"
3232,4816,"Rakudai"
3233,2076,"Solitude"
3234,804,"Saint <3"
3235,759,"Dᴇᴇvıᴇ"
3236,9926,"Rᴇᴇvıᴇ"
3237,838,"ZeN"
3238,761,"Gasper n_n"
3239,1541,"azikon"
3240,1616,"iadukaR"
3241,3014,"em3"
3242,1378,"Gruvan"
3243,749,"ElCebollonº"
3244,2645,"sergioST"
3245,644,"Popular-Tee"
3246,1540,"JONISSI"
3247,5585,"Candyx*"
3248,683,"Điare"
3249,606,"AMIR-GHIYAMAT"
3250,625,"HaHAxD*=noob"
3251,2304,"daverck"
3252,1015,"ΒΦζΤ•"
3253,3408,"Wollwolke"
3254,2422,"missgebrot"
3255,1570,"JUSTIN BIEBER"
3256,1466,"kettu"
3257,7727,"Ninjed"
3258,1105,"Apollyon"
3259,705,"Dovelixz"
3260,4052,"Frangipane"
3261,4506,"W'"
3262,2891,"Deëivid!"
3263,606,"Sad"
3264,8712,"Rentom12"
3265,1397,"Yahito"
3266,9819,"DA`VI"
3267,678,"8=э"
3268,1646,"FreakCobra"
3269,757,"Lanaya"
3270,1418,">!MeGaLoDoN!<"
3271,3907,"-$-Ãim41Ҝ-$-"
3272,629,"Ellie's"
3273,6806,"Grk"
3274,867,"MagicLau"
3275,1751,"ℱréddẏ"
3276,992,"★Desperado★"
3277,1899,"Dkz'"
3278,2357,"Thundercat"
3279,3110,"DLeeUrzua"
3280,3040,"Veeon"
3281,1363,"OG Êxplosion"
3282,1049,"[S]Helper"
3283,3084,"Lumina"
3284,1057,"KayKayz"
3285,1444,"Enoxyy."
3286,927,"legenda44"
3287,910,"Smasheur"
3288,2159,"teddi"
3289,840,"ᴘɪɴᴋɪ"
3290,1560,"jimeeeeeeeeeeee"
3291,1434,"Sheyox"
3292,3908,"Sad*Boy"
3293,667,"borartr"
3294,809,"AZ"
3295,1921,"Noxpie."
3296,1551,"ღJesusღ"
3297,844,"TA|Lena"
3298,3350,"Donger"
3299,1070,"hookni za popky"
3300,1262,"k-312"
3301,1798,"SaTaN"
3302,2490,"n1~NoNStoP"
3303,4245,"~Thunder~"
3304,850,"Slaapapie"
3305,652,"B E S T"
3306,3016,"Tero"
3307,7201,"Zaracher"
3308,3317,"₳maŧeraȿu"
3309,1565,"Bongo"
3310,844,"belkka"
3311,772,"boi"
3312,2806,"l24"
3313,1290,"JFox"
3314,1757,"SirVivi"
3315,909,"Majestic Puff"
3316,2310,"Majestic Fluff"
3317,1151,"Belén*-*"
3318,757,"Pichulita :3"
3319,1233,"Timelord"
3320,700,"Dobro"
3321,619,"Fenrris"
3322,725,"Mystogans"
3323,1766,"PerfeCt"
3324,805,"Dowi"
3325,1351,"Vach1k"
3326,1227,"Nerox"
3327,1192,"Mettwurst Neon"
3328,4239,"Flan Natsukashi"
3329,3480,"Cellegen"
3330,4119,"Snark"
3331,1619,"Furion."
3332,4011,"marzzzello"
3333,723,"asta"
3334,850,"Dat Boi"
3335,2115,"Brabrolic"
3336,1291,"Neø"
3337,830,"Drompfer"
3338,806,"girl :3"
3339,607,"keyo's dummy"
3340,730,"minus"
3341,667,"Dr"
3342,3545,"fap"
3343,4773,"painn"
3344,2752,"CoBa"
3345,2267,".הoɱσʀε"
3346,605,"Minato Namikaze"
3347,1299,"Ashiro"
3348,3004,"Hey, fuck you!"
3349,905,"[Jagger] Mick"
3350,2276,"Super Girl"
3351,674,"Mʀ.ßʟuᴇ"
3352,992,"MusLee"
3353,1013,"sloppydog"
3354,652,"Lubaldo"
3355,1562,"kastetx"
3356,1489,"Nosequewa"
3357,756,"LOLOLOIII"
3358,1144,"Minou"
3359,641,"VA LE="
3360,1736,"Teetee"
3361,1914,"Albana"
3362,1131,"Cashews.ftw!"
3363,966,"Fired Sakura"
3364,663,"[N]skyrx`skQ"
3365,2143,"O shit waddup"
3366,765,"Sneaky Mum"
3367,1407,"roflcopter"
3368,705,"SKK"
3369,880,"Gray"
3370,796,"Ooopie"
3371,699,"Snark (d)"
3372,2779,"lin"
3373,834,"Singularität"
3374,1422,"snifi"
3375,814,"byun"
3376,8275,"xXxTee'"
3377,2165,"Moʇıonlǝss"
3378,3560,"Yiff"
3379,683,"220|SpinLee"
3380,623,"Craby"
3381,7915,"Zhady"
3382,10241,"Forbidden"
3383,2307,"MateMade"
3384,786,"urmom"
3385,1204,"Ex'(*SPIDER*)"
3386,2154,"fantazer"
3387,2109,"imm0rtal prince"
3388,647,"Ferarri"
3389,636,"°HyBroX"
3390,2421,"Busted"
3391,4804,"D3H8|Ruiner"
3392,851,"ajaiix"
3393,989,"M4RKOR3"
3394,5570,"TOWARISH"
3395,1452,"Toxicvipa"
3396,678,"PiePigAnonymous"
3397,9337,"Jesus Christ"
3398,1525,"Martin!"
3399,632,"enoT"
3400,1972,"Frountly"
3401,963,"Nub :3"
3402,6941,"keyzR"
3403,2208,"player 87"
3404,7915,"watёr"
3405,625,"Kᴀısᴇʀ"
3406,1700,"Fearless tee"
3407,1819,"Unk"
3408,1761,"AdiiKeks"
3409,803,"Slave"
3410,5196,"WillR"
3411,10769,"daladen"
3412,3506,"B.i.G"
3413,706,"Naur"
3414,5474,"»Zubasa."
3415,3001,"zCrime"
3416,760,"ɑʃɬɘɾʃӿ"
3417,3533,"Essentiel"
3418,2572,"Ryukuchiha"
3419,2506,"Gyro"
3420,1283,"Raney"
3421,629,"El BobLex"
3422,913,"r a v i x"
3423,699,"otetc tiworldsa"
3424,6329,"Nightcall"
3425,1462,"paladiN"
3426,601,"Homunculo"
3427,3498,"naaat"
3428,9705,"Hunter13ua"
3429,2500,"Ryuma"
3430,1802,"~provancel~"
3431,798,">DragZ<Lumo"
3432,4371,":Ram"
3433,1151,"Splash"
3434,1385,"PulsaR *King*"
3435,1324,"just god"
3436,3047,"xDiiego"
3437,1413,">DragZ<DiZmo"
3438,1106,"TheAdmiralPanda"
3439,1432,"Տℌaℳaη"
3440,1277,"euxas"
3441,737,"Two Feet"
3442,797,"Roq-s"
3443,1309,"cunt"
3444,6220,"S0PRAN0"
3445,1488,"Rathonzita"
3446,4065,"Oldnescius"
3447,813,"Mylenefox"
3448,1956,"INU."
3449,1003,"a random noob"
3450,719,"viquel"
3451,896,"Rammstein®"
3452,1251,"Nâno"
3453,1293,"Burny"
3454,876,"ĐҿɇϷęƦ"
3455,1989,"cad2298"
3456,670,"baltazar"
3457,6878,"Syltoox"
3458,1548,"Kei"
3459,745,"[El] Jotaah.-"
3460,3179,":$MaRiHuAnA$:"
3461,697,"Who said, MEOW?"
3462,807,"Ko"
3463,10092,"XinFu"
3464,1045,"IN$ANITY"
3465,817,"Martin CT"
3466,834,"(1)[CSGS]Runesc"
3467,1028,"Hurrakana"
3468,709,"Nives"
3469,887,"Spark"
3470,799,"0 ожей"
3471,861,"- CaoCao -"
3472,6447,"Reonarex"
3473,640,"IchKennDich"
3474,1722,"pepsied"
3475,1249,"Napas"
3476,2311,"Acordi_Is_Life"
3477,652,"Mad and Funny"
3478,5741,"naaa"
3479,2121,"StarLight"
3480,2987,"Kessყ"
3481,1426,"IмƬυмвα"
3482,777,"Locken"
3483,1195,"MC_TYH"
3484,1152,"саймон^^^"
3485,660,"quiet"
3486,1037,"Wilian"
3487,2735,"Neh"
3488,2552,"oBc.Mist3r DJ"
3489,2197,"der_Katze"
3490,636,"SevenEleven"
3491,850,"Imperfect"
3492,5361,":0"
3493,724,"javivi"
3494,2080,"ballzee"
3495,2955,"WinstonW5"
3496,2844,"DarkOort"
3497,4744,"sheep"
3498,1908,"noby"
3499,634,"Waton Culiao"
3500,1456,"Funningg"
3501,7854,"AerToX"
3502,878,"ђǟɱ|ΜĕőW"
3503,2332,"Exilwarrior"
3504,1296,"Zeo"
3505,619,"Taqui"
3506,883,"~Beazel."
3507,1141,"sun.BoOhMi"
3508,818,"Goodra"
3509,3309,"pkm"
3510,1475,"miposh"
3511,2549,"merlo"
3512,5174,"nathanj"
3513,764,"ImaGhost"
3514,675,"Novic"
3515,816,"MastaLevels"
3516,5088,"A6pu"
3517,3958,"Vik_Thor"
3518,2377,"тоже Z[a]X"
3519,824,"BrutalMietz"
3520,655,"teeful name"
3521,1091,"99%bot1%skill"
3522,3794,"Fera"
3523,1171,"Snifer"
3524,3455,"the Prince"
3525,1440,"Buska"
3526,4136,"PeX"
3527,5000,"72"
3528,1038,"Skinx"
3529,2409,"Clap"
3530,1129,"♖ƬØΨξR♖"
3531,751,"The Furry"
3532,3391,"monte"
3533,2273,"Wiplash"
3534,10375,"Gorden"
3535,626,"LeaLZ"
3536,3207,"~/> molo4ko"
3537,3340,"»Ƥϵtϵr"
3538,1075,"Music \"ON\""
3539,1301,"Pug"
3540,1125,"Boci"
3541,1218,"Fox."
3542,708,"TheCaseSaW"
3543,738,"ФуUНтиk"
3544,974,"Brain off"
3545,627,"TristonZip"
3546,1396,"Ursus"
3547,1535,"mareex."
3548,1002,"Latunix"
3549,833,"Ŵ͌ḁnזí"
3550,1156,"Garother"
3551,1660,"Mr. [L]ucK"
3552,1348,"Gandor"
3553,897,"coralag"
3554,935,"Gandalfr"
3555,1801,"Lannwit"
3556,3301,"Xtatic"
3557,2213,"ρɑιη"
3558,1533,"RyO's"
3559,2042,"ijob"
3560,1053,":J"
3561,3858,"Natsume"
3562,4877,"'Aka_Bartosz'"
3563,5465,"Shishigami"
3564,1009,"Ciel"
3565,9503,"NISO"
3566,7917,"Greenman"
3567,921,"PedoBärchen"
3568,1732,"Domy<4"
3569,638,"Feñaaw"
3570,822,"iAMs1lv3r"
3571,1802,"sakralbauten"
3572,769,"mrs.Smith"
3573,3052,"MrPatriarh"
3574,2075,"Koshac"
3575,3625,"I.K.U"
3576,1517,"!eLSeba"
3577,6713,"WAFthfguaq19012"
3578,982,"[☤] Loca"
3579,762,"&Rg|PLAYA3472&"
3580,1491,"StaRt3RHuN"
3581,2062,"Filis"
3582,14425,"NovaShock"
3583,812,"Vi[s]us"
3584,997,"NewLightness"
3585,12506,"Graves"
3586,3547,"The Great ❶"
3587,861,"kpro996"
3588,1011,"yolen"
3589,687,"Sushi=baka<3"
3590,1155,"sW|Broso56"
3591,1934,"juanitox"
3592,2376,"\"ODYvAnCHuK\""
3593,971,"Stuwie"
3594,1080,"Hibari :3"
3595,1060,"ClutchXx"
3596,3191,"Balu'"
3597,665,"NOT NYZE"
3598,1558,"0xf0"
3599,3785,"CraCk"
3600,3629,"f4bian"
3601,2465,"Fengriz"
3602,700,"R'SmileY Kiddah"
3603,654,"Kromka"
3604,1117,"27"
3605,2762,"EduFlan"
3606,643,"*КΘχ*"
3607,671,"~Lilly~"
3608,1297,"patsO"
3609,860,"biss"
3610,3026,"Ganji"
3611,1132,"Ð∃ℵTΞƦ"
3612,781,"cB #DeadShort"
3613,3702,"Ravie"
3614,615,"Sagisag"
3615,2850,"Mıss Fʋггצ"
3616,728,"Lafi"
3617,846,"<~{Barsik}~>"
3618,1196,"Ruan"
3619,854,"Suga♥"
3620,740,"-Pandalicious-"
3621,1320,"1sha"
3622,5939,"[NC]Slifer"
3623,617,"EvilFlan"
3624,1739,"gs"
3625,726,"Qí"
3626,762,"Black widdow"
3627,2366,"Dmc'S"
3628,3339,"NightMarsmellow"
3629,638,"WolfyLenny"
3630,837,"PlayDiego04"
3631,1565,"Razer"
3632,1111,"banolette"
3633,711,"Ðαrια"
3634,633,"WinterFox"
3635,2233,"tryhard"
3636,2580,"Luppy"
3637,1053,"Tactic"
3638,2738,"SerFline"
3639,2047,"purrp T"
3640,4408,"Kotka"
3641,661,"TEE RAMISU"
3642,3728,"Mømø"
3643,1785,"Monochrome"
3644,1287,"[B~B]"
3645,769,"drabgah"
3646,917,"iCaatz"
3647,781,"0~"
3648,659,"#Jxck~BeAsT"
3649,941,"Tyka-Tyka"
3650,1234,"Marshmello"
3651,881,"DRagmar"
3652,737,"BigMaschine"
3653,4113,"nigger"
3654,4538,"⌨"
3655,3549,"Squee"
3656,2350,"Sart"
3657,1375,"Osamu"
3658,2460,"Mos is fat"
3659,2254,"Jiri"
3660,4003,"Chop Suey"
3661,857,"Masahiro"
3662,785,"Toui"
3663,1095,"C Ø R A B O"
3664,2979,"abcqwerty"
3665,1139,":x"
3666,1133,"El Ganbide"
3667,4116,"gigi7187"
3668,946,"qSnake"
3669,1549,"NinjaPro1203"
3670,1940,"✈"
3671,2540,"marek"
3672,4277,"B'RexterPL"
3673,1172,"LeGiT"
3674,617,"Curium."
3675,684,"Skewb"
3676,1892,"ɱultidrǿp"
3677,1200,"~Nertato~"
3678,1696,"Cristall"
3679,1435,"ipoopi"
3680,1176,"Thermodon"
3681,658,"Shaanz"
3682,2485,"PBAB"
3683,739,"Sheath"
3684,3664,"Slaaash.-"
3685,1429,"Daro"
3686,2044,"pabløk"
3687,931,"dimok"
3688,1072,"[D] Sakura-Chan"
3689,1646,"Sakura-Chan"
3690,710,"Lyax"
3691,1324,"bzw"
3692,1236,"gellihero100"
3693,11218,"WhitePau"
3694,697,"Nam'"
3695,995,"bind k kill"
3696,814,"UniKitty"
3697,929,"Pulsar"
3698,1374,"Sysdirolnn"
3699,1513,"whý"
3700,2253,"Hawkeye88"
3701,1901,"chat sérieux"
3702,2611,"Hieloo"
3703,1063,"KanonKonrad"
3704,1404,"artiomka1222"
3705,892,"parqes"
3706,740,"jeko"
3707,610,"enigma"
3708,3451,"Bennji"
3709,808,"Saier.old~"
3710,1000,"DSKrú>all"
3711,1766,"Byger"
3712,731,"ÑaÑaN"
3713,9706,"N9mkOik"
3714,736,"rao"
3715,1525,"DanilBest"
3716,1003,"Felt"
3717,1180,"Mr|Taddyadam|TD"
3718,1384,"Myr3ik"
3719,882,"]v]a3uJla"
3720,629,"1/8"
3721,3639,"Likyta"
3722,1135,"./wq"
3723,873,"Poker!"
3724,2993,"Peter Gandalf"
3725,1050,"sad sack"
3726,1180,"etanien"
3727,3886,"-Denox/"
3728,884,"Zonsa"
3729,917,"kys (:"
3730,635,"genious tee"
3731,5636,"CloudlínK"
3732,661,"noi2coco"
3733,2213,"Lonlytalibam158"
3734,1405,"Wowezy"
3735,960,"LightFall"
3736,1536,"MADAFAKA"
3737,1386,"Тапок"
3738,684,"Sinbad"
3739,1232,"Zireael"
3740,1494,"nąƦҝŏτ"
3741,3250,"Luftwaffel"
3742,1155,"-=SmILe=-"
3743,864,"Ertee :D"
3744,2058,"Package"
3745,1780,"wuliao"
3746,1115,"Bloody Merc"
3747,1015,"Broei"
3748,1721,"Shoter"
3749,1923,"MatthewWilliams"
3750,1139,"Хола М."
3751,3269,"Colgate."
3752,3027,"LiiThO"
3753,1589,"TOWARISH PIDOR"
3754,807,"void Start {}"
3755,1552,"Cana"
3756,876,"yxxyx"
3757,721,"Ehduardo"
3758,2625,"Arrogant_BeaR"
3759,679,"Yota."
3760,1020,"'Ice"
3761,2339,"uNo"
3762,2632,"RavQ"
3763,653,"Mr.Fonkey"
3764,967,"xhavi"
3765,5445,"simple"
3766,964,"[J]oke[R]"
3767,855,"reflect"
3768,1368,"Bra1der"
3769,1591,"whoami"
3770,1888,"Wakizashi"
3771,1130,"lolk"
3772,623,"Hachiman"
3773,1556,"PX-7"
3774,619,"NemeXD"
3775,1126,"dfceaef"
3776,918,"(\\/)*_*(\\/)"
3777,679,"TheWhiteReaper"
3778,1686,"Douky"
3779,2547,"黑猫"
3780,2603,"Kervoz"
3781,1404,"JpS"
3782,785,"Сланец"
3783,2854,"Baby Groot"
3784,2126,"Apfelmus"
3785,948,"Kendo"
3786,2372,"ezy"
3787,1578,"Ania <3"
3788,1107,"Gazebr"
3789,1150,"Bubble Gum"
3790,927,"CoToVaSyA"
3791,935,"Octa"
3792,627,"InXs"
3793,2723,"bit"
3794,1010,"bits"
3795,772,"CYP"
3796,1237,"₭rauȿzeŕII"
3797,2526,"Damocles"
3798,655,"Mino!"
3799,2937,"Karol"
3800,1363,"-iKaRoS"
3801,709,"dute"
3802,646,"Pilotaraflo_"
3803,1216,"atlaticus"
3804,1094,"oBc.Pera"
3805,724,"Astros"
3806,4097,"Zephir"
3807,4221,"Bearcat"
3808,718,"Ez'No!zE"
3809,693,"Fiqxii"
3810,816,"Domauri"
3811,1578,"Spooni"
3812,666,"insolvent"
3813,757,"Stooki"
3814,927,"6elojopik"
3815,2146,"Savage:*"
3816,904,"isaac"
3817,1687,"pksol1"
3818,685,"Jessix<3"
3819,1366,"Livio"
3820,845,"Romanenko"
3821,756,"BENZIN"
3822,951,"King|Shark"
3823,1296,"Aca^"
3824,676,"Thorte"
3825,1010,"Ted"
3826,1409,"Playa T'nP"
3827,721,"GoogleGamer04"
3828,2407,"Kadi"
3829,612,"Soonplayer"
3830,635,"010000010110110"
3831,2365,"Madass"
3832,641,"ᾦѮⱢzⱫ"
3833,922,"bk3"
3834,769,"|~VR~|Steven"
3835,2762,"Hetzi T'nP"
3836,1486,"IF"
3837,636,"Nicholas"
3838,6622,"Tyga."
3839,655,"Tyga:Dummy"
3840,829,"Grxtis"
3841,1232,"zim"
3842,1767,"fantasteec"
3843,2389,"Niratu"
3844,1315,"der_klang"
3845,1180,"Histoka"
3846,1014,"Paq"
3847,1041,"╚О╩К╝"
3848,1501,"[RøøR]FeatuRe"
3849,2847,"Heztak"
3850,607,"LeGacy"
3851,999,"TpouHuK"
3852,1776,"Trismaster"
3853,713,"NetFusion [D]"
3854,1603,"Ma Neng Hou"
3855,1128,"iitzLiquids"
3856,618,"(●◡●)"
3857,2968,"florekk"
3858,725,"grandDio"
3859,6053,"Elit3N0ob"
3860,2997,"Dimp"
3861,2389,"xyi"
3862,704,"boss baby"
3863,965,"Madara"
3864,995,"bLankito"
3865,665,"SeeNeD"
3866,842,"thomy"
3867,1065,"Pro_Tee"
3868,2232,"archimede67"
3869,4273,"bol'shaya hyina"
3870,2602,"Fozz"
3871,1441,"RooKíe"
3872,962,"Wijos"
3873,1834,"Otaku Love"
3874,664,"OmeGaseSinO"
3875,1042,"Arizona"
3876,2424,"мicիeււe♥"
3877,1472,"65WAT"
3878,705,"Bstrd!"
3879,5799,"Kaniosek"
3880,657,"pink pig"
3881,1130,"chenguo"
3882,785,"CiySu"
3883,835,"KAAS"
3884,881,"5h4D0W"
3885,1652,"Ticho"
3886,681,"Weeboo"
3887,1420,"Ωυaηtυm"
3888,2320,"CSK"
3889,666,"poshelnahui"
3890,1936,"Nikoo"
3891,801,"KKUBA102"
3892,772,"Adi"
3893,1926,"pv"
3894,5131,"yishun"
3895,1722,"Đream™"
3896,854,"ZyxTa"
3897,1088,"Overhaul"
3898,919,"Zeral"
3899,3174,"ne Armin"
3900,6399,"Skyrx"
3901,1819,"Ikonik"
3902,2593,"Cagih"
3903,2913,"EZ MAP ?"
3904,700,"Yes!~"
3905,675,"\"Jxckk_"
3906,712,"./\\lmost"
3907,1750,"CovER"
3908,1383,"SuperCute"
3909,2341,"Towa"
3910,704,"AKross"
3911,2697,"Miiep\"*"
3912,772,"avallac´h"
3913,1218,"Apyreck"
3914,3375,"winteR"
3915,2596,"Veccia"
3916,1132,"Lord Kenny"
3917,5837,"Dareka"
3918,1251,"Dareko"
3919,1759,"Keira"
3920,683,"Vale~"
3921,727,"La-la-la"
3922,3739,"Arzatar"
3923,741,"QLEPASALUPITA"
3924,12427,"Cazanna"
3925,6248,"Gwendal"
3926,1968,"ᴭᴿᴼ"
3927,664,"[D] RavQ"
3928,2908,"mid"
3929,1398,"EatMyStrike"
3930,1359,"AbortiønErrør"
3931,1074,"syn"
3932,2379,"Khejanin"
3933,722,"lusche911"
3934,625,"giex"
3935,1143,"Lillac"
3936,8957,"The Direwolf"
3937,602,"CRISPEITO123"
3938,1014,"buggy"
3939,852,"Benkaera"
3940,645,"DiegoBlaster21"
3941,601,"BläckBürn"
3942,2311,"Meldon"
3943,1358,"υgly god"
3944,814,"PandaPrime"
3945,1022,"Faramoz"
3946,668,"Artanos"
3947,7391,"Issi"
3948,694,"Antony4141"
3949,1313,"Wrzosik"
3950,701,"piypiy"
3951,638,"fuck me pls."
3952,664,"Gaston"
3953,695,"PRime"
3954,808,"Booster"
3955,949,"Xamer"
3956,1397,"Neutron"
3957,2508,"TC Arni"
3958,907,"by/\\o4Ka~<3"
3959,1253,"Avada"
3960,2386,"Gobrox"
3961,853,"Deluxe"
3962,2105,"sadface."
3963,1147,"WinterWorld"
3964,2530,"souuu"
3965,2848,"Fiksiki"
3966,634,"SkyTrap"
3967,2385,"White Shark"
3968,3721,"yyq"
3969,2768,"Bijumiro"
3970,604,"kskiski"
3971,720,"Nagibator9k"
3972,624,"Leat`eq"
3973,838,"Jorge22345xD_YT"
3974,655,"[ĢøŴ]Chicα"
3975,1547,"Tuff"
3976,1087,"shocK"
3977,3405,"B L U M C I T O"
3978,1176,"Mugiwara Uchiha"
3979,1176,"BadgeR"
3980,4605,"Alasia <3"
3981,6223,"Fexa"
3982,718,"Delichan"
3983,4432,"Łaszczu"
3984,2843,"Spectre II"
3985,3158,"DickHead"
3986,1896,"Kudonix"
3987,810,"soziaw"
3988,3895,"DZO"
3989,1578,"mamikientuere"
3990,753,"tubizcoxito"
3991,2804,"Sheon"
3992,2793,"taha"
3993,4026,"CheekepoO"
3994,1226,"bimaLOSb"
3995,957,"Allisoff"
3996,16730,"BaconDrink"
3997,754,"nameless-coffee"
3998,910,"RedMonsterGG"
3999,1041,"Bombinnha"
4000,1204,"Dämon Gorgon"
4001,826,"V5*AlexOFF|Cola"
4002,677,"Quetsch"
4003,1247,"lil key"
4004,691,"Molly"
4005,1892,"cB YoU"
4006,7727,"Theon"
4007,670,"bob_fasul"
4008,802,"ALOXA"
4009,2129,"Tatsurou"
4010,666,"maf"
4011,1230,"Tekato"
4012,711,"one_real"
4013,3951,"[D]NovaShock"
4014,668,"Hawkeens"
4015,799,"mix.magashka"
4016,1135,".Hentai!"
4017,1461,"Shinmatsu"
4018,624,"Zangetsuu"
4019,991,"Trap N7"
4020,4542,"Porphi"
4021,973,"Fluffy monster"
4022,690,"Clavata"
4023,1587,"şʉɁȓəɯɘ"
4024,1915,"Lorken-01"
4025,2907,"Crony"
4026,3623,"vozdushniy"
4027,2255,":MeaN"
4028,1754,"RonIn"
4029,2022,"ßårr¥"
4030,677,"Sucukღ"
4031,1363,"Rosє"
4032,1595,"szaro"
4033,1316,"MKplays4U"
4034,699,"3oLoTo"
4035,606,"ReD-Senpai :3"
4036,764,"tght"
4037,842,"cxT"
4038,673,"kiska"
4039,1097,"Cazanna [D]"
4040,666,"*TobY*"
4041,2357,"Tomaikel"
4042,2476,"lil cyclic"
4043,1682,"Inaccuracy"
4044,659,"(1)DickHead"
4045,845,"Smeb"
4046,5945,"VéNa"
4047,1899,"=Syntex="
4048,605,"Shirogane .3."
4049,2920,"Electro Warrior"
4050,873,"ͲƎƎΏΪŁⱯ"
4051,802,"HotSpanish"
4052,668,"Robîn"
4053,1465,"CptDalv"
4054,1201,"Crush!"
4055,816,"tomobaltica"
4056,782,"Kubiiczek"
4057,850,"don'ttextme"
4058,604,"dfjgh"
4059,1300,"AKc0"
4060,866,"Jσяgιтσ"
4061,646,"Fatass Wolf"
4062,796,"Barnabé"
4063,4127,"Riddim"
4064,645,"Crossby"
4065,2115,":parking:oiuyt"
4066,5354,"Asma"
4067,2344,"TheKiller"
4068,2581,"CyberPunk"
4069,1065,"Cpillin"
4070,696,"=Moonlight="
4071,623,"4GaFu4i"
4072,623,"Kiito"
4073,934,"†ŠeeКeя†"
4074,4035,"Nixmo"
4075,891,")D(Natsume"
4076,668,"weez17"
4077,1679,"TDPL"
4078,948,"Hellpigman"
4079,822,"Katzenzungen"
4080,1712,"Joseehe"
4081,2654,"Krisao"
4082,768,"BBlackSmitHH"
4083,841,"White Goose"
4084,5615,"xeno"
4085,1099,"kazuma"
4086,791,"FLFFL"
4087,974,"KomachiDing"
4088,2132,"Angrash"
4089,1528,"Oarsman"
4090,706,"Neveren"
4091,2204,"Frank Castle"
4092,1883,"XanaX"
4093,875,"Pit Castiglione"
4094,1185,"Skinєєx"
4095,1158,"Nihao"
4096,1623,"He Zubastik"
4097,901,"PPmaster"
4098,1346,"N9mkOik [CHEAT]"
4099,1964,"Łǿȡǿ4ƙą"
4100,885,"(1):0"
4101,1886,"BlueMeww"
4102,1267,"n000b is gay"
4103,1733,"?645654?"
4104,988,"NavernoPRO"
4105,794,"Nerfis"
4106,6073,"Mafuyu"
4107,683,"kurabo"
4108,4046,"Sama"
4109,2172,"Arch Linux"
4110,644,"Le Petit Prince"
4111,1017,"ζеρτ☯"
4112,782,"Be3yXa"
4113,771,"Deizú"
4114,1015,"¥MαtӈeüƧ¥"
4115,1696,"Đrậgǿи"
4116,705,"smvrf."
4117,726,"Mint_"
4118,1177,"not PeX"
4119,926,"Selrien"
4120,1394,"RawM"
4121,1004,"6ix9ine"
4122,668,"Murph"
4123,2381,"SUKA"
4124,1082,"✔atlantiz☯"
4125,856,"lolaa"
4126,1084,"RockerMan"
4127,762,"Gunzerker"
4128,793,"Chupuk"
4129,1153,"Kuleczeczko"
4130,931,"CAPITAN DNO"
4131,801,"Evy"
4132,1015,"ExBlack"
4133,1379,"Gwendo"
4134,1083,"uln"
4135,1322,"stiglitz"
4136,910,"Blxck"
4137,928,"nestling"
4138,1477,"lekting"
4139,1454,"Cirilo"
4140,1225,"Krókette"
4141,838,"WhiteKitty"
4142,1904,"UnCool Me"
4143,689,"dreadpiro"
4144,3393,"Jill"
4145,1336,"Kimii."
4146,881,"Pickle Rick"
4147,1043,"SebuZZZ"
4148,997,"cuntastic"
4149,1391,"Tookie"
4150,2251,"eNJi"
4151,914,"MooNz"
4152,669,"Ne[r]m[ ]sis"
4153,1246,"MaJIuHoBbIu SeX"
4154,1674,"Fckin'"
4155,2181,"Lex1"
4156,894,"Edy"
4157,755,"Lionheart"
4158,11189,"Knuski"
4159,763,"Shakoladik"
4160,1161,"omaiga"
4161,984,"Ehry"
4162,3266,"Zoɇy"
4163,661,"wixzu"
4164,1155,"Kot3ika"
4165,1176,"Gordena"
4166,623,"℟₳₥␢ǿ."
4167,4925,"SevenM1nutes"
4168,862,"take it easy"
4169,2089,"leaf"
4170,3556,"Shiro01"
4171,1185,"FlawelessTee"
4172,3259,"nopea"
4173,1880,"Kovu"
4174,1249,"Sanchez"
4175,782,"Rat"
4176,610,"Craetical"
4177,692,"Gabi<3"
4178,654,"LeBoss^ ^"
4179,1441,"Anzurus"
4180,773,"Seox"
4181,1059,"Seven-"
4182,845,"nt#"
4183,1030,"Hateppl"
4184,1213,"shadowdragon"
4185,1199,"Fizz mid"
4186,4753,"Jeeand"
4187,1307,"Eratyck"
4188,769,"Marcezeman"
4189,1209,"Pelicannibal"
4190,616,"VisiøƞX"
4191,2143,"Moby Dick"
4192,2113,"Eileen.-"
4193,711,"Fofimen -Sama"
4194,2022,"Knuskii"
4195,2215,"AbriBri"
4196,763,"ıηx"
4197,893,"kamino"
4198,2898,"Natzer"
4199,3703,"Miu"
4200,2274,"Skiliou"
4201,1418,"Shiro Len"
4202,666,"moustachee"
4203,1382,"rata asquerosa"
4204,2580,"Schnuffelpuff"
4205,830,"VanDann"
4206,945,"-empty"
4207,700,"Eikou-x"
4208,736,"Kιmιƶƶu"
4209,628,"H٤иđعгĩα"
4210,3381,"Arii"
4211,3463,"The Real Nami"
4212,1052,"Yukister"
4213,1003,"Oss"
4214,1787,"snejno-"
4215,655,"Patooty"
4216,1050,"Porphy"
4217,756,"Chavrya"
4218,1699,"PlantKnight"
4219,824,"зюзя"
4220,1328,"seensq1ze"
4221,611,"GWeed"
4222,1359,"ichaiex"
4223,907,"Icez_Doez"
4224,1193,"Noe"
4225,1041,"( ° ͜ʖ °)"
4226,2101,"Doid"
4227,3175,"Millar.-"
4228,929,"₣₳ĐɆ"
4229,2563,"nullptr"
4230,1778,"TeMmIe"
4231,759,"NULL"
4232,682,"ĶęĶşÎĶ"
4233,2352,"PolarBear"
4234,745,"Styx"
4235,666,"Jeeandx"
4236,804,"Visten"
4237,1726,"cкoтoбаза"
4238,1631,"Sopol"
4239,1869,"Nessa"
4240,617,"chiliking"
4241,1179,"sera"
4242,2697,"ẅøлƒ"
4243,1043,"Chirimoya"
4244,1145,"TheHypek"
4245,687,"MäßigBaba"
4246,839,"redboy"
4247,1482,"mythos :)"
4248,680,"Vorpallulu"
4249,1620,"EkLip$"
4250,870,"akif"
4251,691,"lFarlix"
4252,870,"Steiblift"
4253,680,"N9mkOik [BOT]"
4254,769,"Adelante"
4255,2177,"AM|WolfyLenny"
4256,693,"Lillo~"
4257,832,"ɑɱɑɀɩɲɢ'"
4258,632,"nameless  tee"
4259,718,"xyz♱erq"
4260,1634,"Mewie"
4261,3348,"Nuqo"
4262,1619,"izuginge"
4263,969,"Ðʀєᴀᴍ∞"
4264,1228,"Jim Lahey"
4265,1281,"Lato"
4266,809,"Λbstrαct"
4267,802,"INatsuI"
4268,621,"RayTen ♄"
4269,609,"StarkiIIer"
4270,921,"Λrktis"
4271,1154,"bultito"
4272,628,"Λbsoliwt   ☿"
4273,2274,"enemy of all"
4274,654,"су.гроб"
4275,637,"Chih13"
4276,839,"golum gei"
4277,1273,"Tadzio"
4278,1191,"Twike™"
4279,863,"OneLimeyBoi"
4280,942,"Baudrillard"
4281,883,"ZamGo"
4282,1127,"Noctem"
4283,1378,"MoonCake"
4284,911,"Ethereal'"
4285,904,"Aquiver|"
4286,1024,"AskAlexandria"
4287,1418,"⌃⌙⌃"
4288,663,"Fuchzi"
4289,1528,"mamuel"
4290,696,"Ɍøηɋȵ"
4291,734,"ItsLfire"
4292,2131,"?#@"
4293,825,"Hentai Senpai"
4294,1046,"Nendeto"
4295,822,"Acrolol"
4296,687,"Techi"
4297,979,"|||KINDER|||"
4298,1501,"Al.Se."
4299,1111,"coany"
4300,1337,"ɱelanդie"
4301,986,"Vexis"
4302,1185,"Fantome"
4303,695,"Аффинаж"
4304,2187,"Xop9"
4305,3702,"Pish4"
4306,1809,"cute af"
4307,787,"Темно"
4308,1088,"papi virgin"
4309,1007,"pozik"
4310,1585,"vak"
4311,1002,"KsSmoke"
4312,1396,"Holly Short"
4313,2000,"Jore"
4314,696,"mugge"
4315,1774,"J3"
4316,703,"Archu"
4317,1723,"kosior"
4318,1525,"Kaneki-Ken"
4319,631,"Skinerror404"
4320,919,"Phazeyy"
4321,927,"Derek Redmond"
4322,812,"Kiana Kaslana"
4323,636,"furcatus"
4324,1927,"Linkx3"
4325,1020,"KirtL"
4326,837,"Sa[Y]reX"
4327,784,"Yonil"
4328,711,"Demon Huntress"
4329,627,"laggy natsu"
4330,610,"S†S' YaBaDaBa"
4331,692,"THC"
4332,1457,"Sawyn"
4333,1107,"Raolin"
4334,613,"Linah"
4335,714,"Chu₪tly"
4336,802,"ayy dragan"
4337,1141,"Seele Vollerei"
