Rank,Nickname,Points,Insane_pts,List_of_insane_maps
1,.wer das liest,34,34,[('Justice', 34)]
2,ist doof!,34,34,[('Justice', 34)]
3,Kacke,34,34,[('Justice', 34)]
4,Novo c;,34,34,[('Justice', 34)]
5,ZiKkie Feodal?,34,34,[('Adrenaline 4.1', 34)]
6,ZiKkie1,34,34,[("Yo'Ci", 34)]
7,na zad,34,34,[("Yo'Ci", 34)]
8,BeaR & Lwai,34,34,[('Generic World', 34)]
9,Roco [D],34,34,[('Binary', 34)]
10,(D) Roco,34,34,[('Binary', 34)]
11,Vendetta WhenR1,34,34,[('Binary', 34)]
12,GER>SUCKS,34,34,[('Adrenaline 4.2', 34)]
13,Sir zhnocenbabo,34,34,[('Adrenaline 4.2', 34)]
14,Filis HUASO,34,34,[("Yo'Ci", 34)]
15,Xiao Ning'er,34,34,[('Binary', 34)]
16,:y,34,34,[('Binary', 34)]
17,kicker petuch,34,34,[('Binary', 34)]
18,starkillernutte,34,34,[('Binary', 34)]
19,syltooxhuensohn,34,34,[('Binary', 34)]
20,kogda25min daun,34,34,[('Binary', 34)]
21,[D] Savalic,34,34,[('Binary', 34)]
22,BRAZILIAN RACER,34,34,[('Binary', 34)]
23,(1)äººå½¢,34,34,[('Binary', 34)]
24,ÐªÐ˜Ðª,34,34,[('Adrenaline 4.1', 34)]
25,Darekube,34,34,[('Binary', 34)]
26,mandalorec,34,34,[('Binary', 34)]
27,Nab,34,34,[('Binary', 34)]
28,Ðºap ÐºÐ°Ñ€Ñ‹Ñ‡,34,34,[('Binary', 34)]
29,Ð¿Ð¸Ð½,34,34,[('Binary', 34)]
30,psi,34,34,[('4q', 34)]
31,cyclic ql <3,34,34,[('Springlobe 3', 34)]
32,Ð¶Ð¾Ð¿Ð°,35,34,[('Binary', 34)]
33,Jin Mori,36,34,[('Aimazing', 34)]
34,350min afk btw,38,38,[('Ravillion', 38)]
35,Dimp sucks,38,38,[('Ravillion', 38)]
36,Gridwyn [D],38,38,[('Ravillion', 38)]
37,Loathing,38,38,[('Ravillion', 38)]
38,SpykerSux?,38,38,[('Ravillion', 38)]
39,Adsl,38,38,[('Ravillion', 38)]
40,Koala suckeru,38,38,[('Ravillion', 38)]
41,Koala Best Clan,38,38,[('Ravillion', 38)]
42,Riley Reid 1,38,38,[('Ravillion', 38)]
43,Riley Reid 2,38,38,[('Ravillion', 38)]
44,dio cane,38,38,[('Ravillion', 38)]
45,kickerkogdaskip,38,38,[('Ravillion', 38)]
46,Ñ Ð¿Ð¸Ð´Ð¾Ñ€,38,38,[('Ravillion', 38)]
47,SA>RUS,38,38,[('Ravillion', 38)]
48,Ajayeb Shahr,38,38,[('Ravillion', 38)]
49,Themix can sk,38,38,[('Ravillion', 38)]
50,my fukin dick,38,38,[('Ravillion', 38)]
51,xeno?,38,38,[('Ravillion', 38)]
52,Ã¶hm,38,38,[('Ravillion', 38)]
53,10â‚¬ Heartcore,38,38,[('Ravillion', 38)]
54,and Ravillion,38,38,[('Ravillion', 38)]
55,Ð°Ñ€Ð¼Ð¸Ð½ Ñ…Ñƒ,38,38,[('Ravillion', 38)]
56,arii_noob,38,38,[('Ravillion', 38)]
57,arii_worst,38,38,[('Ravillion', 38)]
58,Ari_bad,38,38,[('Ravillion', 38)]
59,Ari_crap,38,38,[('Ravillion', 38)]
60,Kill Cendren,38,38,[('Ravillion', 38)]
61,Stab Cendren,38,38,[('Ravillion', 38)]
62,sk more jesus D,38,38,[('Ravillion', 38)]
63,kys (: wena,38,38,[('Ravillion', 38)]
64,kys :) In Chile,38,38,[('Ravillion', 38)]
65,Lwai ä¸­å›½,38,38,[('Ravillion', 38)]
66,SUB TO KENZO,38,38,[('Ravillion', 38)]
67,MiuTheBest â™¥,38,38,[('Ravillion', 38)]
68,SylBoY,38,38,[('Ravillion', 38)]
69,slytox wash,38,38,[('Ravillion', 38)]
70,your dick,38,38,[('Ravillion', 38)]
71,RLS W3NA!,38,38,[('Ravillion', 38)]
72,27+,38,38,[('Ravillion', 38)]
73,Santee Claus,38,38,[('Ravillion', 38)]
74,IzumiiBestâ™¥,38,38,[('Ravillion', 38)]
75,RiriiBestâ™¥,38,38,[('Ravillion', 38)]
76,jao NiggerFuck,38,38,[('Ravillion', 38)]
77,jao scuck,38,38,[('Ravillion', 38)]
78,Pipounoob,38,38,[('New Generation', 38)]
79,lil_mzrk,38,38,[('Ravillion', 38)]
80,Fimp AHAHHAHAHA,38,38,[('Ravillion', 38)]
81,Fimp = Simp,38,38,[('Ravillion', 38)]
82,SCRenny,38,38,[('Ravillion', 38)]
83,ÉŒÊ˜Ïšá»¤ÏšÐš,38,38,[('Ravillion', 38)]
84,Betrayed,38,38,[('Ravillion', 38)]
85,lil sorrow,38,38,[('Ravillion', 38)]
86,nopea = god,38,38,[('Ravillion', 38)]
87,Fallet loh,38,38,[('Ravillion', 38)]
88,q Valet,38,38,[('Ravillion', 38)]
89,kicker lox,40,38,[('Ravillion', 38)]
90,William Blake,42,42,[('Heartcore', 42)]
91,Amol sucks,42,42,[('4u', 42)]
92,N9 kogdafinish,42,42,[('4u', 42)]
93,deport chile,42,42,[('Heartcore', 42)]
94,WENA GANG 060,42,42,[('Heartcore', 42)]
95,(1)Takito,42,42,[('Back in Time 2', 42)]
96,zelda hoe,42,38,[('Ravillion', 38)]
97,gay :),46,38,[('Ravillion', 38)]
98,(1)PaHDeRa,49,34,[('Binary', 34)]
99,LwaÄ±,50,38,[('Ravillion', 38)]
100,Ð¹,51,38,[('Ravillion', 38)]
101,Ximena la puta,52,34,[('Genericore 6', 34)]
102,mugge2,53,38,[('Ravillion', 38)]
103,Eater ðŸ˜¼,53,38,[('Ravillion', 38)]
104,AERO=NOEZ?AMA?,54,42,[('Tatooine 2', 42)]
105,Darekay,55,34,[('Binary', 34)]
106,Merry Christmas,56,38,[('Ravillion', 38)]
107,akari=macaco kk,56,38,[('Ravillion', 38)]
108,Ð‘Ð¾Ñ‡ÐºÐ° â„–1,58,38,[('Ravillion', 38)]
109,gym = mcdonalds,58,34,[('The Enchanted Clearing', 34)]
110,Ð‘Ð¾Ñ‡ÐºÐ° â„–2,59,38,[('Ravillion', 38)]
111,BESTPLAYER2017,61,34,[('Binary', 34)]
112,hurensohn,63,34,[('Justice', 34)]
113,Kayumi ist geil,64,34,[('Generic World', 34)]
114,Ð•Ñ€Ð¶Ð°Ð½,65,50,[('Heartcore II', 50)]
115,(1)dummy,65,34,[('Genericore 6', 34)]
116,$BTC,66,42,[('Heartcore', 42)]
117,Fear,66,38,[('Ravillion', 38)]
118,Nickmeme,68,42,[('Heartcore', 42)]
119,(1)HaHAxD*,69,34,[('4q', 34)]
120,Govna,69,42,[('Heartcore', 42)]
121,Kusok,69,42,[('Heartcore', 42)]
122,[D]Jesus Christ,72,42,[('Justice 2', 42)]
123,XyrE,73,34,[('Generic World', 34)]
124,Kayumi,74,34,[('Justice', 34)]
125,flex on ur ex,74,34,[('Generic World', 34)]
126,(1)Grk0ne,74,38,[('Genericore 8', 38)]
127,zeldahoe123,75,38,[('Ravillion', 38)]
128,Koala sux BBC,80,80,[('Ravillion', 38), ('Heartcore', 42)]
129,Hell,83,38,[('Ravillion', 38)]
130,Fuck Havoc,86,38,[('Ravillion', 38)]
131,kys Cendren,86,38,[('Ravillion', 38)]
132,ltachi,87,34,[('Justice', 34)]
133,Suga,89,34,[('Not Naufrage 4', 34)]
134,fuck ddnet,90,34,[('Aimazing', 34)]
135,gB. | EryX,91,34,[('Justice', 34)]
136,abamka,91,34,[('Binary', 34)]
137,AriiBestâ™¥,91,38,[('Ravillion', 38)]
138,rocku$,93,42,[('Heartcore', 42)]
139,Nib,95,34,[('Binary', 34)]
140,RonIn ðŸ˜¼,97,38,[('Ravillion', 38)]
141,Eater,98,38,[('Ravillion', 38)]
142,kicker lohoped,99,34,[('Binary', 34)]
143,clacla,100,38,[('Ravillion', 38)]
144,Bill,101,34,[('The Enchanted Clearing', 34)]
145,Darekaou,101,34,[('Binary', 34)]
146,Ð±Ð°Ñ€ÐµÐ±ÑƒÑ…,101,38,[('Ravillion', 38)]
147,:z,103,34,[('Binary', 34)]
148,Knechtren,103,34,[('Springlobe 3', 34)]
149,WelfSucksDicks,104,34,[('Genericore 6', 34)]
150,iNmO,104,42,[('Heartcore', 42)]
151,Taqito,105,34,[('Springlobe 3', 34)]
152,porco dio,106,38,[('Ravillion', 38)]
153,Soon,108,38,[('Ravillion', 38)]
154,monito2007,110,38,[('HellCore', 38)]
155,SorahBestMapper,110,34,[('Binary', 34)]
156,NOMA,110,38,[('Ravillion', 38)]
157,Donger69,110,34,[('Binary', 34)]
158,Spoopy,114,38,[('HellCore', 38)]
159,RUS > GER,115,34,[('Adrenaline 4.2', 34)]
160,Riley Reid,117,38,[('Ravillion', 38)]
161,Alternative,118,76,[('Binary', 34), ('Heartcore', 42)]
162,(1)rezee,122,38,[('Ravillion', 38)]
163,Neb,126,34,[('Binary', 34)]
164,gazzy garciaXD,126,38,[('HellCore', 38)]
165,$crim,127,38,[('Ravillion', 38)]
166,Sui,129,34,[('Aimazing', 34)]
167,growing[D],130,34,[('4q', 34)]
168,pe,130,34,[('4q', 34)]
169,Lena [Bot],130,38,[('Ravillion', 38)]
170,CHILE > GER,131,76,[('Ton', 34), ('4u', 42)]
171,Ne Li,138,42,[('Heartcore', 42)]
172,Dareke,138,34,[('Binary', 34)]
173,jao cuckold,142,38,[('Ravillion', 38)]
174,qi ropt,147,42,[('Heartcore', 42)]
175,kenzo es gay:v,148,38,[('Ravillion', 38)]
176,Gay,156,38,[('Ravillion', 38)]
177,'Ru|=Novi4ok=,159,38,[('Ravillion', 38)]
178,Darek,163,34,[('Binary', 34)]
179,OmNi,167,42,[('Heartcore', 42)]
180,l,174,34,[('Justice', 34)]
181,Chlenix,175,38,[('Ravillion', 38)]
182,KittenNamedGav,180,42,[('4u', 42)]
183,cross,182,34,[('Shockwave', 34)]
184,linaa,185,38,[('Ravillion', 38)]
185,yuyulaplusbella,187,38,[('Ravillion', 38)]
186,Milim,188,34,[('Springlobe 3', 34)]
187,Brokecdxtwo-,189,34,[('Binary', 34)]
188,Â¤JimmyÂ¤,195,34,[('Aimazing', 34)]
189,raptu,213,34,[('Genericore 6', 34)]
190,ronan simp,214,34,[('Binary', 34)]
191,_shadow_tv_,217,42,[('Back in Time 2', 42)]
192,A U R A,223,34,[('Shockwave', 34)]
193,jao gay,223,34,[('Genericore 6', 34)]
194,Kicker loh,225,38,[('Ravillion', 38)]
195,Dareku,227,34,[('Binary', 34)]
196,PkwA,231,38,[('Ravillion', 38)]
197,roco T'nP,238,34,[('Binary', 34)]
198,Faker,238,38,[('Ravillion', 38)]
199,np,241,76,[('Binary', 34), ('Heartcore', 42)]
200,Noodles,241,38,[('Ravillion', 38)]
201,SPYKERSUX,244,42,[('4u', 42)]
202,Rick,248,38,[('Ravillion', 38)]
203,lumy,250,42,[('Back in Time 2', 42)]
204,Homo,255,80,[('Ravillion', 38), ('Heartcore', 42)]
205,grk es gay:v,264,38,[('Ravillion', 38)]
206,Yumiko!,264,34,[('4q', 34)]
207,(1)Jesus Christ,269,38,[('Ravillion', 38)]
208,Chao_BY,273,34,[('Ton', 34)]
209,y,273,38,[('Ravillion', 38)]
210,reo,277,76,[('Back in Time 2', 42), ('4q', 34)]
211,Zorua,291,38,[('Ravillion', 38)]
212,[D] Roco,295,34,[('Binary', 34)]
213,zÑ”â„“âˆ‚Î±â™¥,295,38,[('Ravillion', 38)]
214,Dareky,301,34,[('Binary', 34)]
215,asdfjklÃ¶,305,42,[('Back in Time 2', 42)]
216,xenoÂ²,306,106,[('Binary', 34), ('Ravillion', 38), ('Aimazing', 34)]
217,no u,311,34,[('Genericore 6', 34)]
218,kicker loh,315,34,[('Binary', 34)]
219,qed,319,38,[('Ravillion', 38)]
220,triki kogdaskip,324,270,[('Binary', 34), ('Ravillion', 38), ('Justice 2', 42), ('New Generation', 38), ('Ghoul', 42), ('Ton', 34), ('4u', 42)]
221,Kimmy Granger,327,38,[('Ravillion', 38)]
222,bra!der,332,34,[('Ton', 34)]
223,Freezestylersux,342,34,[("Yo'Ci", 34)]
224,...............,346,34,[('Justice', 34)]
225,x=9,348,34,[('Regen 2', 34)]
226,Twike sucks,349,38,[('Ravillion', 38)]
227,Ruka Sarashina,352,34,[('Not Naufrage 4', 34)]
228,Suno,356,114,[('Binary', 34), ('Ravillion', 38), ('Heartcore', 42)]
229,vendeta lox,369,38,[('Ravillion', 38)]
230,CrimZ,372,38,[('Ravillion', 38)]
231,Miulaplusbella,378,38,[('Ravillion', 38)]
232,[D] Folugen,380,38,[('Ravillion', 38)]
233,EizÅ,391,38,[('Ravillion', 38)]
234,Dareki,403,34,[('Binary', 34)]
235,Hugh Janus,407,38,[('New Generation', 38)]
236,DekU,420,34,[('Binary', 34)]
237,[UbÌ¶S]72x,424,34,[('Adrenaline 4.1', 34)]
238,ChopaFlow,426,80,[('Aimlicious', 42), ('Ravillion', 38)]
239,Morty,434,38,[('Ravillion', 38)]
240,Nob,443,34,[('Binary', 34)]
241,[D] Syltoox,447,42,[('Heartcore', 42)]
242,ANXTON RETARD,453,72,[('Genericore 6', 34), ('Ravillion', 38)]
243,Fake,491,38,[('Ravillion', 38)]
244,CC,500,114,[('Genericore 6', 34), ('Ravillion', 38), ('Heartcore', 42)]
245,Elephant sequel,505,80,[('Ravillion', 38), ('Heartcore', 42)]
246,NotXna,518,72,[('Binary', 34), ('Ravillion', 38)]
247,Lena,557,38,[('Ravillion', 38)]
248,#ripbrazil,557,38,[('Ravillion', 38)]
249,Kaori Miyazono,564,68,[('The Enchanted Clearing', 34), ('Genericore 6', 34)]
250,Ñ…ÑƒÐ¹,572,72,[('Binary', 34), ('Ravillion', 38)]
251,KandiiF,580,38,[('Ravillion', 38)]
252,(1)maniac,588,34,[('Binary', 34)]
253,äººå½¢,623,114,[('Binary', 34), ('Ravillion', 38), ('Heartcore', 42)]
254,teeful name,655,42,[('4u', 42)]
255,moe,666,68,[('Shockwave', 34), ('4q', 34)]
256,VÃ©NaGoD,667,72,[('Binary', 34), ('Ravillion', 38)]
257,I'm high,679,42,[('Back in Time 2', 42)]
258,mugge,680,80,[('Ravillion', 38), ('Heartcore', 42)]
259,kurabo,683,110,[('Binary', 34), ('Ton', 34), ('Justice 2', 42)]
260,Alexis>:c,700,34,[('Springlobe 3', 34)]
261,!,702,38,[('Ravillion', 38)]
262,e,713,34,[('Justice', 34)]
263,GooranBigNob,717,38,[('Ravillion', 38)]
264,Chrona,719,38,[('Ravillion', 38)]
265,Twengle,729,34,[('Genericore 6', 34)]
266,Hasipups,741,38,[('Ravillion', 38)]
267,ScRooNy,743,42,[('Heartcore', 42)]
268,nopea [D],744,38,[('Ravillion', 38)]
269,Lastmagic Baka,749,34,[('Justice', 34)]
270,.:Mivv,783,34,[('Binary', 34)]
271,bitchoke,784,80,[('Ghoul', 42), ('Ravillion', 38)]
272,Ä±Î·x,804,68,[('Genericore 6', 34), ('Ton', 34)]
273,ShyzoFrenia,807,34,[('Binary', 34)]
274,Batei Aurora,843,34,[('Binary', 34)]
275,Ruby,848,38,[('Ravillion', 38)]
276,iKoma,852,38,[('Ravillion', 38)]
277,Boy,885,38,[('Ravillion', 38)]
278,kys (:,917,80,[('Ravillion', 38), ('Heartcore', 42)]
279,,,946,38,[('Ravillion', 38)]
280,ToYota.,957,80,[('Ravillion', 38), ('Heartcore', 42)]
281,?,984,38,[('Ravillion', 38)]
282,Trap N7,991,34,[('Binary', 34)]
283,learning reo,995,72,[('New Generation', 38), ('Genericore 6', 34)]
284,Micro,1007,34,[('Justice', 34)]
285,É‘É±É‘É€É©Å‹É¢',1017,34,[('Adrenaline 4.1', 34)]
286,Vagisil,1054,42,[('Back in Time 2', 42)]
287,Pulsar,1066,34,[('Binary', 34)]
288,Stooki,1071,34,[('Binary', 34)]
289,Bobo,1076,34,[('Generic World', 34)]
290,GaLaXy,1112,38,[('HellCore', 38)]
291,zupo,1113,34,[('4q', 34)]
292,loop_sucks,1139,102,[('Not Naufrage 4', 34), ('Shockwave', 34), ('4q', 34)]
293,Gobroxx,1147,68,[('Genericore 6', 34), ('4q', 34)]
294,D,1168,38,[('Ravillion', 38)]
295,Hoffi,1202,34,[('4q', 34)]
296,Zargon,1207,34,[('Justice', 34)]
297,Nayro,1236,38,[('Ravillion', 38)]
298,Hi,1274,38,[('Ravillion', 38)]
299,WENASQUAD,1283,122,[('Ravillion', 38), ('Heartcore', 42), ('4u', 42)]
300,Splash,1297,68,[('Generic World', 34), ('Springlobe 3', 34)]
301,Jim Lahey,1302,38,[('Ravillion', 38)]
302,Tyga:Dummy,1305,68,[('Binary', 34), ("Yo'Ci", 34)]
303,el 64,1307,34,[('Justice', 34)]
304,Dareko,1341,34,[('Binary', 34)]
305,champloo,1353,34,[('Springlobe 3', 34)]
306,Bra1der,1368,42,[('4u', 42)]
307,Harbinger,1385,34,[('Springlobe 3', 34)]
308,Ð¢Ð°Ð¿Ð¾Ðº,1386,42,[('Justice 2', 42)]
309,)D(Natsume,1400,34,[('Aimazing', 34)]
310,ZiKkie Loh,1420,34,[('Generic World', 34)]
311,TA|Lena,1422,38,[('Ravillion', 38)]
312,nori,1441,34,[('4q', 34)]
313,k-312,1462,34,[('4q', 34)]
314,â™«samuâ™«,1478,34,[('Springlobe 3', 34)]
315,iReimu,1492,42,[('4u', 42)]
316,Twikeâ„¢,1541,42,[('Back in Time 2', 42)]
317,N9mkOik [CHEAT],1568,384,[('Binary', 34), ('Adrenaline 4.2', 34), ('Ravillion', 38), ('Tatooine 2', 42), ('The Enchanted Clearing', 34), ('Heartcore II', 50), ('Heartcore', 42), ('New Generation', 38), ('Ton', 34), ('HellCore', 38)]
318,Skull,1571,34,[('4q', 34)]
319,NiKoTiN :P,1621,34,[('Shawker', 34)]
320,Roco,1668,110,[('Binary', 34), ('Aimazing', 34), ('4u', 42)]
321,I.K.U!,1673,38,[('Ravillion', 38)]
322,Gordena,1683,102,[('Shockwave', 34), ('Generic World', 34), ('Genericore 6', 34)]
323,?645654?,1733,42,[('Justice 2', 42)]
324,TheMiniSun<3,1815,38,[('New Generation', 38)]
325,Shawn.sucks,1825,38,[('New Generation', 38)]
326,Nareem,1829,42,[('Back in Time 2', 42)]
327,growing,1841,106,[('Genericore 8', 38), ('Aimazing', 34), ('4q', 34)]
328,Tropo[D],1875,102,[('Adrenaline 4.1', 34), ('Nether', 34), ('Shockwave', 34)]
329,donut,1875,110,[('Ton', 34), ('4q', 34), ('4u', 42)]
330,camo,1898,34,[('Springlobe 3', 34)]
331,upoz,1901,34,[('4q', 34)]
332,Lowiteahe,1902,296,[('Aimlicious', 42), ('Binary', 34), ('Shockwave', 34), ('Genericore 8', 38), ('Ravillion', 38), ('Aimazing', 34), ('Springlobe 3', 34), ('Heartcore', 42)]
333,Linkx3,1912,80,[('Ravillion', 38), ('Heartcore', 42)]
334,Steal,1916,34,[('Shockwave', 34)]
335,.:Firulais:.,1930,68,[('Shockwave', 34), ('Genericore 6', 34)]
336,Yumiko,1946,68,[('Genericore 6', 34), ('4q', 34)]
337,Learath2,1953,34,[('Genericore 6', 34)]
338,Virus2gay,1966,80,[('New Generation', 38), ('Back in Time 2', 42)]
339,á´­á´¿á´¼,1968,34,[('Generic World', 34)]
340,Chikatto Chika,1974,34,[('Genericore 6', 34)]
341,aaa,1983,34,[('Justice', 34)]
342,sevvv.aa,1992,34,[('Shockwave', 34)]
343,Nomlow,2015,42,[('Back in Time 2', 42)]
344,RonIn,2036,38,[('Ravillion', 38)]
345,Mithrandir,2036,42,[('Back in Time 2', 42)]
346,Mischga sucks,2040,178,[('Binary', 34), ('Aimazing', 34), ('Heartcore', 42), ('Generic World', 34), ('Shawker', 34)]
347,pipo,2065,34,[('The Enchanted Clearing', 34)]
348,âœ§Rune,2079,34,[('Not Naufrage 4', 34)]
349,ijob,2081,34,[('Ton', 34)]
350,Wizh,2125,34,[('Shockwave', 34)]
351,ok,2159,38,[('Ravillion', 38)]
352,J$ON,2189,220,[('Ravillion', 38), ('Springlobe 3', 34), ('Not Naufrage 4', 34), ('Heartcore', 42), ('Shawker', 34), ('Resistance', 38)]
353,Cenarrius,2200,34,[('Adrenaline 4.1', 34)]
354,White Jack,2215,38,[('Ravillion', 38)]
355,Tenroujima,2221,42,[('Back in Time 2', 42)]
356,Ma Neng Hou,2247,38,[('Resistance', 38)]
357,Feuerfaust Ace,2248,38,[('New Generation', 38)]
358,Silex,2257,110,[('Adrenaline 4.1', 34), ('Justice 2', 42), ('4q', 34)]
359,DuDuDudos,2320,34,[('Genericore 6', 34)]
360,Herofox,2322,38,[('Ravillion', 38)]
361,DaSocke :>,2328,118,[('Adrenaline 5', 42), ('Genericore 6', 34), ('4u', 42)]
362,heinrich5991,2328,110,[('Not Naufrage 4', 34), ('Genericore 6', 34), ('Back in Time 2', 42)]
363,Stimero,2337,34,[('Springlobe 3', 34)]
364,KrosH,2357,34,[('Generic World', 34)]
365,Lunamy,2364,42,[('Back in Time 2', 42)]
366,Cana,2380,76,[('Back in Time 2', 42), ("Yo'Ci", 34)]
367,Gorilla,2403,42,[('Back in Time 2', 42)]
368,Trevor,2424,38,[('HellCore', 38)]
369,BooNi,2425,76,[('Justice 2', 42), ('Justice', 34)]
370,zeldita,2471,72,[('Adrenaline 4.1', 34), ('Ravillion', 38)]
371,hellrider,2490,38,[('Ravillion', 38)]
372,Kei,2510,110,[('Genericore 6', 34), ('Aimazing', 34), ('Back in Time 2', 42)]
373,Liesus,2515,34,[('Genericore 6', 34)]
374,CoRTeZZZ,2520,34,[('Generic World', 34)]
375,ReyDeuce,2546,42,[('4u', 42)]
376,Henk,2591,34,[('Not Naufrage 4', 34)]
377,Moon,2639,34,[('Ton', 34)]
378,Gogi,2657,110,[('Shockwave', 34), ('Back in Time 2', 42), ('4q', 34)]
379,Pfefferminz_,2661,34,[('Shockwave', 34)]
380,Thundercat,2685,42,[('Back in Time 2', 42)]
381,Cagih,2720,34,[('Binary', 34)]
382,Pio gay,2721,34,[('Springlobe 3', 34)]
383,Tenday,2726,140,[('The Enchanted Clearing', 34), ('Adrenaline 4.1', 34), ('Ravillion', 38), ("Yo'Ci", 34)]
384,__,2744,34,[('Genericore 6', 34)]
385,coany,2753,42,[('Back in Time 2', 42)]
386,Volvicc,2757,42,[('Back in Time 2', 42)]
387,Busted,2757,34,[('Springlobe 3', 34)]
388,Cendren,2778,228,[('Adrenaline 4.2', 34), ('Aimazing', 34), ('Springlobe 3', 34), ('Adrenaline 4', 50), ('4q', 34), ('Back in Time 2', 42)]
389,Neox,2786,34,[('Generic World', 34)]
390,Savalic,2790,76,[('Binary', 34), ('Back in Time 2', 42)]
391,Nerox,2805,34,[('4q', 34)]
392,Knuskii,2807,72,[('Binary', 34), ('Ravillion', 38)]
393,:x,2810,34,[('4q', 34)]
394,[NinjaSkill]:ON,2864,34,[('The Enchanted Clearing', 34)]
395,Tyodok,2891,34,[('Ton', 34)]
396,Overlord,2942,42,[('Back in Time 2', 42)]
397,louis,2972,76,[('Aimlicious', 42), ('Springlobe 3', 34)]
398,Syntex,3000,34,[('Justice', 34)]
399,Marcell_HUN,3009,80,[('Heartcore', 42), ('Resistance', 38)]
400,*WuDL*,3060,72,[('Genericore 6', 34), ('HellCore', 38)]
401,Boci,3070,34,[('Springlobe 3', 34)]
402,n1~NoNStoP,3080,34,[('Adrenaline 4.1', 34)]
403,Arch Linux,3142,114,[('Ravillion', 38), ('Back in Time 2', 42), ('4q', 34)]
404,Ted,3154,42,[('4u', 42)]
405,Mos is fat,3167,68,[('Binary', 34), ('Generic World', 34)]
406,worstwish,3174,34,[('Binary', 34)]
407,anything,3294,72,[('Ravillion', 38), ('4q', 34)]
408,n000b is gay,3302,34,[('Adrenaline 4.1', 34)]
409,ZoÉ‡y,3303,68,[('Adrenaline 4.1', 34), ('Adrenaline 4.2', 34)]
410,Feodal,3380,34,[('4q', 34)]
411,!_Vergeboy_!,3391,34,[('Justice', 34)]
412,Deadpool,3398,72,[('Shockwave', 34), ('Ravillion', 38)]
413,Dummy,3448,42,[('Heartcore', 42)]
414,monte,3462,34,[('Genericore 6', 34)]
415,Mischga,3508,114,[('New Generation', 38), ('Binary', 34), ('Heartcore', 42)]
416,Ïƒâ„“Ã­â™¡,3524,38,[('Genericore 8', 38)]
417,Telus,3570,34,[('Adrenaline 4.2', 34)]
418,Fermer,3579,76,[('Genericore 6', 34), ('Tatooine 2', 42)]
419,A-Team,3621,34,[('Binary', 34)]
420,vak,3658,38,[('Ravillion', 38)]
421,Blake Griffin,3696,102,[('Genericore 6', 34), ("Yo'Ci", 34), ('Ton', 34)]
422,noby,3701,80,[('Ravillion', 38), ('Heartcore', 42)]
423,tinkywinky,3709,34,[('Adrenaline 4.1', 34)]
424,[Ä¢Ã¸Å´]Lickout,3722,84,[('Back in Time 2', 42), ('4u', 42)]
425,Dubstep,3725,34,[('4q', 34)]
426,Yuzu,3730,34,[('Genericore 6', 34)]
427,Lisica,3778,34,[('Generic World', 34)]
428,archimede67,3812,34,[('Ton', 34)]
429,iKizu,3813,34,[('Binary', 34)]
430,Ellie,3830,42,[('Back in Time 2', 42)]
431,Frucht,3859,144,[('Not Naufrage 4', 34), ('Genericore 6', 34), ('Back in Time 2', 42), ('Regen 2', 34)]
432,Takito,3892,34,[('Springlobe 3', 34)]
433,Regedit|,3925,68,[('Aimazing', 34), ('Springlobe 3', 34)]
434,Arii,3956,42,[('Back in Time 2', 42)]
435,lil cyclic,3958,114,[('Genericore 6', 34), ('Ravillion', 38), ('Tatooine 2', 42)]
436,Ronex,3971,34,[('Adrenaline 4.1', 34)]
437,RedPig,4011,34,[('Shockwave', 34)]
438,Savage:*,4014,34,[("Yo'Ci", 34)]
439,ulit-ulit,4034,42,[('Back in Time 2', 42)]
440,Black-_-lotus.,4037,102,[('Adrenaline 4.1', 34), ('Generic World', 34), ('Adrenaline 4.2', 34)]
441,Hard?,4057,42,[('Back in Time 2', 42)]
442,ScreaT,4065,42,[('Back in Time 2', 42)]
443,Xusep,4077,34,[('Adrenaline 4.2', 34)]
444,7ll,4096,34,[('Springlobe 3', 34)]
445,walala,4098,34,[('Generic World', 34)]
446,Horst,4182,34,[('4q', 34)]
447,Itachi,4198,34,[('Justice', 34)]
448,=Denkst du=,4214,34,[('Generic World', 34)]
449,Towa,4242,110,[('Binary', 34), ('Back in Time 2', 42), ('Shockwave', 34)]
450,HaHAxD,4245,38,[('New Generation', 38)]
451,Krumplee,4246,34,[('Springlobe 3', 34)]
452,Styx,4260,80,[('Ravillion', 38), ('Heartcore', 42)]
453,RavQ,4303,72,[('Binary', 34), ('Ravillion', 38)]
454,Latunix,4330,42,[('Back in Time 2', 42)]
455,Monkey D. Luffy,4429,72,[('Genericore 8', 38), ('4q', 34)]
456,Zubastik,4459,42,[('4u', 42)]
457,Chao,4486,250,[('Binary', 34), ("Yo'Ci", 34), ('The Enchanted Clearing', 34), ('Adrenaline 4.1', 34), ('Ton', 34), ('Back in Time 2', 42), ('HellCore', 38)]
458,MisterX,4505,114,[('Binary', 34), ('Ravillion', 38), ('Back in Time 2', 42)]
459,*LooGiaH.,4517,34,[('Springlobe 3', 34)]
460,Sunshine,4523,42,[('4u', 42)]
461,bluekitty,4547,38,[('HellCore', 38)]
462,Gobrox,4610,102,[('Adrenaline 4.2', 34), ('Genericore 6', 34), ('4q', 34)]
463,Agressor,4610,38,[('Ravillion', 38)]
464,nexusrf,4636,34,[('Not Naufrage 4', 34)]
465,Prozzle,4694,34,[('Generic World', 34)]
466,Ð¡Ð»Ð°Ð²ÐºÐ°,4722,34,[('Ton', 34)]
467,wÎ±Ñ‚Ñ•,4764,106,[('Generic World', 34), ('Ravillion', 38), ('Springlobe 3', 34)]
468,miamia,4772,34,[('Adrenaline 4.2', 34)]
469,cc,4784,486,[('Aimlicious', 42), ('Ton', 34), ('Genericore 6', 34), ('Ravillion', 38), ('Firestone', 38), ('Springlobe 3', 34), ('Tatooine 2', 42), ('Aimazing', 34), ('Heartcore', 42), ('4q', 34), ('4u', 42), ('Nether', 34), ('Resistance', 38)]
470,Moooo,4815,34,[('Adrenaline 4.1', 34)]
471,ZP|SplashFace',4868,68,[('Generic World', 34), ('Aimazing', 34)]
472,Ravie,4872,34,[('Binary', 34)]
473,.DanieL.,4882,148,[('New Generation', 38), ('Shockwave', 34), ('Adrenaline 4.2', 34), ('Tatooine 2', 42)]
474,f4bian,4937,38,[('Ravillion', 38)]
475,Bixes,4942,34,[('Justice', 34)]
476,ania,4948,34,[('Justice', 34)]
477,Frieze_42rus,4956,38,[('Ravillion', 38)]
478,Imba,4959,68,[('Ton', 34), ('4q', 34)]
479,Dimp,4967,34,[('Ton', 34)]
480,~Thunder~,5009,80,[('Genericore 8', 38), ('4u', 42)]
481,Gridwyn,5029,38,[('Ravillion', 38)]
482,Bibi,5036,34,[('Genericore 6', 34)]
483,JULITO CESAR,5090,136,[('Adrenaline 4.1', 34), ('Genericore 6', 34), ('Adrenaline 4.2', 34), ('Springlobe 3', 34)]
484,EryX,5093,68,[('Genericore 6', 34), ('Generic World', 34)]
485,Pantoja,5133,68,[('Shockwave', 34), ('Genericore 6', 34)]
486,SoSb,5159,114,[('Ravillion', 38), ('Regen 2', 34), ('4u', 42)]
487,Plowpowa,5177,34,[("Yo'Ci", 34)]
488,DarkOort,5179,76,[('Binary', 34), ('4u', 42)]
489,souuu,5202,34,[('Springlobe 3', 34)]
490,Keira,5218,38,[('Ravillion', 38)]
491,Hop,5225,76,[('Binary', 34), ('Back in Time 2', 42)]
492,cB YoU,5260,34,[('4q', 34)]
493,Hey, fuck you!,5267,68,[('Binary', 34), ('Springlobe 3', 34)]
494,TheGhast,5282,34,[('Shockwave', 34)]
495,Koksy,5283,34,[('Aimazing', 34)]
496,Testosteron.',5294,68,[('Genericore 6', 34), ('4q', 34)]
497,SBL,5315,34,[("Yo'Ci", 34)]
498,Frosty,5365,406,[('Aimlicious', 42), ('Shockwave', 34), ('Genericore 8', 38), ('Aimazing', 34), ('Falling Down', 38), ('The Enchanted Clearing', 34), ('4q', 34), ('4u', 42), ('New Generation', 38), ('Ton', 34), ('Resistance', 38)]
499,ChillerDragon,5368,34,[('Shockwave', 34)]
500,Mizkibo,5383,76,[('Back in Time 2', 42), ('Springlobe 3', 34)]
501,UnCool Me,5398,42,[('4u', 42)]
502,Spooky,5401,296,[('Aimlicious', 42), ('Binary', 34), ('Genericore 6', 34), ('Ravillion', 38), ('Springlobe 3', 34), ('Ghoul', 42), ('Generic World', 34), ('Resistance', 38)]
503,sheep,5430,42,[('Justice 2', 42)]
504,AM|Notoriousâœ”,5447,34,[('Genericore 6', 34)]
505,Natsume,5506,68,[('Ton', 34), ('Aimazing', 34)]
506,Bschil,5521,34,[('Adrenaline 4.1', 34)]
507,Farbod,5525,34,[('Ton', 34)]
508,painn,5599,42,[('4u', 42)]
509,Re,5646,34,[('Springlobe 3', 34)]
510,ThatIvan69,5671,34,[('Adrenaline 4.1', 34)]
511,fox,5680,68,[('Generic World', 34), ('Aimazing', 34)]
512,Æ¤Ã˜Å¢Ä€Å¤0|Co,5706,34,[('Shockwave', 34)]
513,[D]NovaShock,5710,34,[('Binary', 34)]
514,brain,5715,68,[('Generic World', 34), ('Genericore 6', 34)]
515,WojMen,5720,34,[('Springlobe 3', 34)]
516,hZedres,5733,42,[('Back in Time 2', 42)]
517,meew',5774,34,[('Generic World', 34)]
518,Avasus,5901,136,[('Shockwave', 34), ('Genericore 6', 34), ('4q', 34), ('Generic World', 34)]
519,Nekoma,5903,106,[('New Generation', 38), ('Adrenaline 4.1', 34), ('Springlobe 3', 34)]
520,[NC]Slifer,5941,76,[('Genericore 6', 34), ('4u', 42)]
521,nealson T'nP,6027,72,[('Binary', 34), ('Falling Down', 38)]
522,holic,6032,34,[('Binary', 34)]
523,Anxton,6082,106,[('Binary', 34), ('Ravillion', 38), ('Springlobe 3', 34)]
524,Knacker,6102,34,[('Shockwave', 34)]
525,kenzo,6209,346,[('Shockwave', 34), ('Adrenaline 4.2', 34), ('Genericore 6', 34), ('Justice 2', 42), ('Tatooine 2', 42), ('Adrenaline 4', 50), ('Adrenaline 4.1', 34), ('4q', 34), ('4u', 42)]
526,#eci.in`,6234,34,[('Adrenaline 4.1', 34)]
527,Cartman,6252,34,[('Generic World', 34)]
528,rezee,6262,300,[('Aimlicious', 42), ('Binary', 34), ('Ravillion', 38), ('Aimazing', 34), ("Yo'Ci", 34), ('Firestone', 38), ('Heartcore', 42), ('Resistance', 38)]
529,gB. | FeIs,6271,34,[('Generic World', 34)]
530,Noez,6295,102,[('Generic World', 34), ('Aimazing', 34), ('Regen 2', 34)]
531,King,6329,34,[('Ton', 34)]
532,FapMan,6357,266,[('Genericore 8', 38), ('Genericore 6', 34), ("Yo'Ci", 34), ('Adrenaline 4', 50), ('Adrenaline 4.1', 34), ('4q', 34), ('4u', 42)]
533,Beast,6358,34,[('Genericore 6', 34)]
534,Greeen,6387,34,[('Shockwave', 34)]
535,TOWARISH,6389,42,[('Back in Time 2', 42)]
536,Luna,6439,68,[('4q', 34), ('Springlobe 3', 34)]
537,OnePiece,6449,174,[('Genericore 6', 34), ('Firestone', 38), ('Springlobe 3', 34), ('Not Naufrage 4', 34), ('Ton', 34)]
538,Cloudly,6460,212,[('Binary', 34), ('Regen 2', 34), ('Ravillion', 38), ('Aimazing', 34), ('Falling Down', 38), ('4q', 34)]
539,Lwai,6515,342,[('Binary', 34), ('Genericore 6', 34), ('Ravillion', 38), ('Justice 2', 42), ('Springlobe 3', 34), ('Heartcore', 42), ('Generic World', 34), ('Back in Time 2', 42), ('4u', 42)]
540,Monkeyja,6520,42,[('4u', 42)]
541,bob,6524,34,[("Yo'Ci", 34)]
542,Reonarex,6549,38,[('Ravillion', 38)]
543,xeno,6556,342,[('Adrenaline 5', 42), ('Binary', 34), ('Genericore 6', 34), ('Ravillion', 38), ('Firestone', 38), ('Aimazing', 34), ('Grim Reaper', 50), ('Adrenaline 4.1', 34), ('New Generation', 38)]
544,Makima,6574,102,[('Shockwave', 34), ('Adrenaline 4.2', 34), ('Springlobe 3', 34)]
545,MilTee,6625,224,[('Binary', 34), ('Ravillion', 38), ('Aimazing', 34), ('Tatooine 2', 42), ('Heartcore', 42), ('Generic World', 34)]
546,Neger,6640,110,[('Shockwave', 34), ("Yo'Ci", 34), ('4u', 42)]
547,nopea,6640,242,[('Binary', 34), ('Ravillion', 38), ('Aimazing', 34), ("Yo'Ci", 34), ('Springlobe 3', 34), ('Not Naufrage 4', 34), ('4q', 34)]
548,Spyker,6649,80,[('Ghoul', 42), ('Falling Down', 38)]
549,Shadou,6663,346,[('Adrenaline 5', 42), ('Genericore 8', 38), ('Genericore 6', 34), ("Yo'Ci", 34), ('Adrenaline 4', 50), ('Adrenaline 4.1', 34), ('4q', 34), ('HellCore', 38), ('4u', 42)]
550,Poltix,6709,34,[('Not Naufrage 4', 34)]
551,Lenah,6718,144,[('Genericore 6', 34), ("Yo'Ci", 34), ('Back in Time 2', 42), ('Springlobe 3', 34)]
552,cB|timur,6722,38,[('New Generation', 38)]
553,WAFthfguaq19012,6744,76,[('Binary', 34), ('Heartcore', 42)]
554,Syltoox,6793,266,[('Shockwave', 34), ('Genericore 8', 38), ("Yo'Ci", 34), ('The Enchanted Clearing', 34), ('Heartcore', 42), ('Back in Time 2', 42), ('4u', 42)]
555,Â¥Ã¸Â¢,6852,72,[('New Generation', 38), ('Adrenaline 4.1', 34)]
556,RedFight,6853,34,[('Aimazing', 34)]
557,lNobody22l,6958,42,[('4u', 42)]
558,Ä»Ã¥Ò• | Duck,6961,34,[('Generic World', 34)]
559,okmine|Bro,6994,72,[('The Enchanted Clearing', 34), ('HellCore', 38)]
560,tobu.,7012,34,[('Genericore 6', 34)]
561,itsnoKonsti,7027,34,[('Binary', 34)]
562,egorfake,7078,38,[('Ravillion', 38)]
563,Elephant,7086,182,[('Binary', 34), ('Justice', 34), ('Ravillion', 38), ("Yo'Ci", 34), ('Heartcore', 42)]
564,Miu,7171,114,[('Ton', 34), ('Ravillion', 38), ('Back in Time 2', 42)]
565,ShenFRusH,7183,76,[('Ton', 34), ('Back in Time 2', 42)]
566,Folugen,7184,106,[('Binary', 34), ('Ravillion', 38), ("Yo'Ci", 34)]
567,VÃ©Na,7185,288,[('Binary', 34), ('Justice', 34), ('Ravillion', 38), ('Firestone', 38), ("Yo'Ci", 34), ('The Enchanted Clearing', 34), ('Heartcore', 42), ('Ton', 34)]
568,Lord.YoYo,7185,34,[('Generic World', 34)]
569,Blum,7210,34,[('Adrenaline 4.2', 34)]
570,Gwendal,7216,68,[('Binary', 34), ('Ton', 34)]
571,Ryozuki,7219,72,[('Adrenaline 4.2', 34), ('HellCore', 38)]
572,Fallet',7234,186,[('Genericore 8', 38), ('Ravillion', 38), ('Adrenaline 4.1', 34), ('Heartcore', 42), ('4q', 34)]
573,Sasori,7312,140,[('Shockwave', 34), ('Ton', 34), ("Yo'Ci", 34), ('HellCore', 38)]
574,Jore,7368,34,[('Springlobe 3', 34)]
575,Ninja_Valik,7457,102,[('Generic World', 34), ('Aimazing', 34), ('Justice', 34)]
576,SP | Someone,7464,76,[('Shockwave', 34), ('Heartcore', 42)]
577,Bawki,7512,34,[('Springlobe 3', 34)]
578,Trap,7542,72,[('Generic World', 34), ('Ravillion', 38)]
579,3oTo,7586,42,[('4u', 42)]
580,:0,7634,76,[('Not Naufrage 4', 34), ('Back in Time 2', 42)]
581,Rage,7680,76,[('Adrenaline 4.1', 34), ('4u', 42)]
582,Kaniosek,7683,72,[('Binary', 34), ('Ravillion', 38)]
583,Imperius,7715,38,[('Ravillion', 38)]
584,Bolox,7785,34,[('Ton', 34)]
585,Mafuyu,7821,212,[('Springlobe 3', 34), ('The Enchanted Clearing', 34), ('Adrenaline 4.1', 34), ('4q', 34), ('Ton', 34), ('4u', 42)]
586,*~Cooki3~*,7823,38,[('Ravillion', 38)]
587,darky,7846,72,[('HellCore', 38), ('Regen 2', 34)]
588,AspHyXiA,7848,34,[("Yo'Ci", 34)]
589,dIeD,7866,34,[('Generic World', 34)]
590,gdin,7870,68,[('Springlobe 3', 34), ('4q', 34)]
591,NYZE,7894,76,[('Ton', 34), ('4u', 42)]
592,RayB.,7911,68,[('Adrenaline 4.1', 34), ('4q', 34)]
593,DoubleDipp,7952,34,[('Shockwave', 34)]
594,Millar.-,7958,34,[('Shockwave', 34)]
595,Miausuke,8001,34,[('Shockwave', 34)]
596,Mos,8016,34,[("Yo'Ci", 34)]
597,Ninjed,8057,38,[('Falling Down', 38)]
598,snailx3,8061,334,[('Regen 2', 34), ('Genericore 6', 34), ('The Enchanted Clearing', 34), ('4q', 34), ('4u', 42), ('New Generation', 38), ('Ghoul', 42), ('HellCore', 38), ('Resistance', 38)]
599,bindi,8179,42,[('4u', 42)]
600,Novo c:,8216,72,[('HellCore', 38), ('Justice', 34)]
601,Loop :3,8341,144,[('Generic World', 34), ('Justice 2', 42), ('Justice', 34), ('4q', 34)]
602,Toto Reculiao,8351,34,[('Shockwave', 34)]
603,SPÎžCTRUM,8360,42,[('Back in Time 2', 42)]
604,15,8393,34,[('Springlobe 3', 34)]
605,=phacrum=,8401,110,[('The Enchanted Clearing', 34), ('Justice 2', 42), ('Justice', 34)]
606,Sui :3,8432,34,[('Justice', 34)]
607,Sama,8449,144,[('Binary', 34), ('Ravillion', 38), ("Yo'Ci", 34), ('Resistance', 38)]
608,Larlok,8496,178,[('Ton', 34), ('Genericore 6', 34), ('Aimazing', 34), ('Generic World', 34), ('4u', 42)]
609,DataClaw,8573,114,[('Adrenaline 5', 42), ('Firestone', 38), ('Regen 2', 34)]
610,maniac,8603,68,[('Binary', 34), ('Generic World', 34)]
611,Julia :3,8632,140,[('Binary', 34), ('Generic World', 34), ('Ravillion', 38), ('Springlobe 3', 34)]
612,Vendetta,8706,950,[('Aimlicious', 42), ('Justice', 34), ('Grim Reaper', 50), ('Firestone', 38), ('Tatooine 2', 42), ('The Enchanted Clearing', 34), ('Heartcore II', 50), ('Heartcore', 42), ('4q', 34), ('Generic World', 34), ('4u', 42), ('Resistance', 38), ('Regen 2', 34), ('Ravillion', 38), ('Aimazing', 34), ('Binary', 34), ('Genericore 8', 38), ('Shockwave', 34), ('Genericore 6', 34), ("Yo'Ci", 34), ('Springlobe 3', 34), ('Falling Down', 38), ('New Generation', 38), ('Ghoul', 42), ('HellCore', 38)]
613,natchies,8715,34,[('Springlobe 3', 34)]
614,kill the tee,8722,34,[('Binary', 34)]
615,Jambi*,8815,34,[('Generic World', 34)]
616,Habibi57,8885,102,[('Generic World', 34), ('Genericore 6', 34), ('Aimazing', 34)]
617,Deeper,8933,72,[('Aimazing', 34), ('HellCore', 38)]
618,Pfandflasche,8965,144,[('Not Naufrage 4', 34), ('Genericore 6', 34), ('Back in Time 2', 42), ('Springlobe 3', 34)]
619,Issi,8997,42,[('Heartcore', 42)]
620,Kandiifloss,9094,178,[('Ravillion', 38), ('Firestone', 38), ('Aimazing', 34), ('Not Naufrage 4', 34), ('Generic World', 34)]
621,Joker.â™¥,9095,72,[('Springlobe 3', 34), ('Resistance', 38)]
622,Donger,9114,72,[('Binary', 34), ('Ravillion', 38)]
623,(D)Cor,9139,296,[('Adrenaline 5', 42), ('Binary', 34), ('Regen 2', 34), ('Genericore 6', 34), ('Ravillion', 38), ('Falling Down', 38), ('Generic World', 34), ('4u', 42)]
624,xXxTee',9184,118,[('Binary', 34), ('Adrenaline 4.2', 34), ('Adrenaline 4', 50)]
625,kezo,9231,448,[('Adrenaline 5', 42), ('Adrenaline 4.2', 34), ('Genericore 8', 38), ('Genericore 6', 34), ('Aimazing', 34), ("Yo'Ci", 34), ('Adrenaline 4', 50), ('Adrenaline 4.1', 34), ('4q', 34), ('Ton', 34), ('HellCore', 38), ('4u', 42)]
626,Lumpy â—Ï‰â—‘,9257,68,[('Adrenaline 4.2', 34), ('Genericore 6', 34)]
627,Fimp,9274,144,[('New Generation', 38), ('Generic World', 34), ('Ravillion', 38), ('Regen 2', 34)]
628,(1)TyÑˆkaNÑ‡uk,9285,102,[('Genericore 6', 34), ('Aimazing', 34), ('4q', 34)]
629,LCSG47,9393,148,[('Binary', 34), ('Back in Time 2', 42), ('Shockwave', 34), ('Firestone', 38)]
630,StorÐ¼PÊœÃ¶É´ix,9399,34,[('4q', 34)]
631,Tyga.,9431,250,[('Binary', 34), ('Ravillion', 38), ("Yo'Ci", 34), ('4q', 34), ('New Generation', 38), ('Shawker', 34), ('Resistance', 38)]
632,Gooran,9505,68,[('Adrenaline 4.1', 34), ('Genericore 6', 34)]
633,Neben,9521,376,[('Aimlicious', 42), ('Binary', 34), ('Justice', 34), ('Ravillion', 38), ('Firestone', 38), ('Aimazing', 34), ('Springlobe 3', 34), ('Heartcore', 42), ('New Generation', 38), ('Back in Time 2', 42)]
634,=645654=,9529,110,[('The Enchanted Clearing', 34), ('Justice 2', 42), ('Justice', 34)]
635,(1),9544,34,[('Binary', 34)]
636,ZiKkie,9634,220,[('Shockwave', 34), ('Genericore 8', 38), ('Springlobe 3', 34), ('4q', 34), ('New Generation', 38), ('4u', 42)]
637,Qywinc,9638,114,[('Binary', 34), ('Ravillion', 38), ('Heartcore', 42)]
638,Beard,9659,34,[('Springlobe 3', 34)]
639,PlantKnight,9674,42,[('Back in Time 2', 42)]
640,âš¡-ÓƒRÙ¡âœ—âœ—,9707,34,[('Genericore 6', 34)]
641,fikmesÃ¥n,9751,76,[('Ton', 34), ('4u', 42)]
642,clefairy',9754,68,[('Genericore 6', 34), ('4q', 34)]
643,Themix,9800,34,[('Justice', 34)]
644,DA`VI,9835,42,[('Back in Time 2', 42)]
645,Hunter13ua,9865,38,[('Ravillion', 38)]
646,Tezcan,9935,34,[('Generic World', 34)]
647,'C×¡ugÎ±râ™«,9936,140,[('The Enchanted Clearing', 34), ('Adrenaline 4.1', 34), ('Ravillion', 38), ("Yo'Ci", 34)]
648,R41NB0W,10045,34,[('4q', 34)]
649,venoM,10204,76,[('Binary', 34), ('Heartcore', 42)]
650,2oo,10207,178,[('Adrenaline 5', 42), ('Adrenaline 4.2', 34), ('Genericore 6', 34), ('Adrenaline 4.1', 34), ('Generic World', 34)]
651,-TwistÂ°~,10251,68,[('Genericore 6', 34), ('Springlobe 3', 34)]
652,MÃ˜tiv,10325,458,[('Binary', 34), ('Adrenaline 4.2', 34), ('Shockwave', 34), ('Genericore 6', 34), ('Firestone', 38), ('Springlobe 3', 34), ('Generic World', 34), ('The Enchanted Clearing', 34), ('Adrenaline 4.1', 34), ('4q', 34), ('New Generation', 38), ('Ton', 34), ('Back in Time 2', 42)]
653,Reed,10330,68,[('Shockwave', 34), ('Aimazing', 34)]
654,Skyrx,10334,174,[('Binary', 34), ('Adrenaline 4.2', 34), ('Ravillion', 38), ('Adrenaline 4.1', 34), ('Generic World', 34)]
655,lola,10414,38,[('HellCore', 38)]
656,ÉŒÊ˜ÏšÐšá»¤á¹¨,10420,428,[('Binary', 34), ('Shockwave', 34), ('Regen 2', 34), ('Genericore 6', 34), ('Ravillion', 38), ('Firestone', 38), ("Yo'Ci", 34), ('Aimazing', 34), ('The Enchanted Clearing', 34), ('Heartcore', 42), ('Ton', 34), ('Resistance', 38)]
657,bol'shaya hyina,10464,34,[('4q', 34)]
658,Filis,10692,254,[('Binary', 34), ('Shockwave', 34), ('Genericore 6', 34), ('Firestone', 38), ('New Generation', 38), ('Ton', 34), ('4u', 42)]
659,Bre3kAcHu,10758,42,[('Back in Time 2', 42)]
660,Im 'corneum,10784,34,[('Regen 2', 34)]
661,Jim-panse,10796,76,[('Genericore 6', 34), ('4u', 42)]
662,Pwner,10816,34,[('Aimazing', 34)]
663,Hydra,10824,38,[('Resistance', 38)]
664,ÐœÐ°Ð¼Ð±Ð¾,10852,170,[('Adrenaline 4.2', 34), ("Yo'Ci", 34), ('Not Naufrage 4', 34), ('Adrenaline 4.1', 34), ('4q', 34)]
665,Akari,10882,140,[('Adrenaline 4.1', 34), ('Ton', 34), ('Ravillion', 38), ('Shockwave', 34)]
666,Rentom12,10892,34,[('Shockwave', 34)]
667,Amu~Cookie,10931,254,[('Adrenaline 5', 42), ('Adrenaline 4.2', 34), ('Justice', 34), ("Yo'Ci", 34), ('Adrenaline 4.1', 34), ('Generic World', 34), ('4u', 42)]
668,PaHDeRa,10963,220,[('Genericore 8', 38), ('Firestone', 38), ('Generic World', 34), ('New Generation', 38), ('Ton', 34), ('HellCore', 38)]
669,Lady Saavik,10965,34,[('Justice', 34)]
670,Kati,11078,110,[('Binary', 34), ('Ton', 34), ('Back in Time 2', 42)]
671,Jesus Christ,11092,254,[('Binary', 34), ('Justice', 34), ('Regen 2', 34), ('Ravillion', 38), ('Justice 2', 42), ('New Generation', 38), ('Generic World', 34)]
672,Hidden-Ezio,11093,170,[('Binary', 34), ('Genericore 6', 34), ('Aimazing', 34), ('4q', 34), ('Generic World', 34)]
673,|Å–aÃ¾Å§urÄ™|,11108,34,[('Justice', 34)]
674,â˜†.SÏ…sÐ½Î¹â™ª,11231,118,[('Generic World', 34), ('Heartcore', 42), ('Justice 2', 42)]
675,jao,11256,156,[('Not Naufrage 4', 34), ('Genericore 8', 38), ('Justice 2', 42), ('4u', 42)]
676,maggi323,11389,178,[('Regen 2', 34), ('Springlobe 3', 34), ('Falling Down', 38), ('Not Naufrage 4', 34), ('HellCore', 38)]
677,Â©ÃŸÃ¸Ã¦Ã¸Â®,11397,38,[('Ravillion', 38)]
678,Â«ÃˆniÂ®ÃµÂ§|*>,11461,42,[('4u', 42)]
679,Lexin,11464,816,[('Aimlicious', 42), ('Justice', 34), ('The Enchanted Clearing', 34), ('Heartcore', 42), ('4q', 34), ('4u', 42), ('Resistance', 38), ('Regen 2', 34), ('Ravillion', 38), ('Justice 2', 42), ('Aimazing', 34), ('Binary', 34), ('Genericore 8', 38), ('Not Naufrage 4', 34), ('Shockwave', 34), ('Genericore 6', 34), ('Springlobe 3', 34), ('New Generation', 38), ('Ghoul', 42), ('Ton', 34), ('Back in Time 2', 42), ('HellCore', 38)]
680,iParano,11561,406,[('Shockwave', 34), ("Yo'Ci", 34), ('Tatooine 2', 42), ('Springlobe 3', 34), ('Adrenaline 4', 50), ('Not Naufrage 4', 34), ('Adrenaline 4.1', 34), ('4q', 34), ('New Generation', 38), ('Shawker', 34), ('Resistance', 38)]
681,yishun,11566,76,[('Aimlicious', 42), ('Genericore 6', 34)]
682,Shocker,11785,68,[('Shockwave', 34), ('Aimazing', 34)]
683,Zhady,11793,216,[('Aimazing', 34), ("Yo'Ci", 34), ('Not Naufrage 4', 34), ('New Generation', 38), ('Ton', 34), ('Back in Time 2', 42)]
684,GlobQ,11885,34,[('Adrenaline 4.1', 34)]
685,KlexMikrowelle,12017,106,[('Generic World', 34), ('Genericore 6', 34), ('HellCore', 38)]
686,Crytek,12156,38,[('HellCore', 38)]
687,murpi,12229,364,[('Adrenaline 5', 42), ('Genericore 8', 38), ('Genericore 6', 34), ('Aimazing', 34), ('Adrenaline 4.1', 34), ('Not Naufrage 4', 34), ('4q', 34), ('New Generation', 38), ('Ton', 34), ('Back in Time 2', 42)]
688,Ra!n,12308,144,[('Genericore 6', 34), ('Aimazing', 34), ('Springlobe 3', 34), ('4u', 42)]
689,LuckyStrike,12391,110,[('Adrenaline 4.1', 34), ('Adrenaline 4.2', 34), ('Back in Time 2', 42)]
690,[Wu]*GzA,12439,148,[('Adrenaline 4.2', 34), ('Genericore 8', 38), ('4q', 34), ('4u', 42)]
691,â˜¯MÚ¶É´3â˜¯,12464,292,[('Shockwave', 34), ('Adrenaline 4.2', 34), ('Aimazing', 34), ('Justice 2', 42), ('Tatooine 2', 42), ('Adrenaline 4.1', 34), ('4q', 34), ('HellCore', 38)]
692,I See You,12534,212,[('Shockwave', 34), ('Adrenaline 4.2', 34), ('Genericore 6', 34), ('Springlobe 3', 34), ('Adrenaline 4.1', 34), ('4u', 42)]
693,Smetanolub,12539,140,[('Binary', 34), ('Adrenaline 4.2', 34), ('Ravillion', 38), ('Springlobe 3', 34)]
694,Hesse,12559,68,[('Generic World', 34), ('Springlobe 3', 34)]
695,coradax,12571,42,[('4u', 42)]
696,NeXus,12741,34,[('Generic World', 34)]
697,RavenXXX,12952,110,[('The Enchanted Clearing', 34), ('Justice 2', 42), ('Justice', 34)]
698,Pauline,12957,34,[('Shockwave', 34)]
699,NISO,12983,220,[('Aimlicious', 42), ('Shockwave', 34), ('Aimazing', 34), ('New Generation', 38), ('Ton', 34), ('HellCore', 38)]
700,ghg,12985,68,[('Adrenaline 4.1', 34), ('Adrenaline 4.2', 34)]
701,Jawsh,13052,68,[('Binary', 34), ('Springlobe 3', 34)]
702,QzBoY,13136,34,[('Springlobe 3', 34)]
703,Delirio,13190,72,[("Yo'Ci", 34), ('Resistance', 38)]
704,Brokecdx-,13263,338,[('Binary', 34), ('Ravillion', 38), ('Firestone', 38), ("Yo'Ci", 34), ('The Enchanted Clearing', 34), ('Heartcore', 42), ('New Generation', 38), ('Resistance', 38), ('4u', 42)]
705,SÎ±nti~,13411,34,[('Binary', 34)]
706,*~RÃ´ny~*,13439,106,[('New Generation', 38), ('4q', 34), ('Regen 2', 34)]
707,Fluday,13471,72,[('New Generation', 38), ("Yo'Ci", 34)]
708,NiureK,13546,246,[('Shockwave', 34), ('Adrenaline 4.2', 34), ('Genericore 6', 34), ('Aimazing', 34), ('Springlobe 3', 34), ('Ton', 34), ('4u', 42)]
709,yo bitch,13552,178,[('Regen 2', 34), ('Genericore 6', 34), ('4q', 34), ('Generic World', 34), ('4u', 42)]
710,Gorden,13616,508,[('Binary', 34), ('Shockwave', 34), ('Genericore 6', 34), ('Ravillion', 38), ('Aimazing', 34), ('Firestone', 38), ('Springlobe 3', 34), ('The Enchanted Clearing', 34), ('Adrenaline 4.1', 34), ('Heartcore', 42), ('New Generation', 38), ('Generic World', 34), ('Back in Time 2', 42), ('HellCore', 38)]
711,Meow~,13715,34,[('Adrenaline 4.2', 34)]
712,zelda.,13942,258,[('Adrenaline 5', 42), ('Binary', 34), ('Genericore 6', 34), ('Springlobe 3', 34), ('Not Naufrage 4', 34), ('Back in Time 2', 42), ('HellCore', 38)]
713,StarkillerJr.<3,14058,398,[('Shockwave', 34), ('Genericore 8', 38), ('Ton', 34), ('Binary', 34), ('Ravillion', 38), ('Springlobe 3', 34), ('Adrenaline 4.1', 34), ('Not Naufrage 4', 34), ('Heartcore', 42), ('Nether', 34), ('Back in Time 2', 42)]
714,=Pipou=,14229,232,[('Adrenaline 5', 42), ('Justice', 34), ('Justice 2', 42), ('Adrenaline 4.1', 34), ('HellCore', 38), ('4u', 42)]
715,nameless tee,14254,80,[('Justice 2', 42), ('HellCore', 38)]
716,N9mkOik,14360,950,[('Aimlicious', 42), ('Adrenaline 4.2', 34), ('Grim Reaper', 50), ('Firestone', 38), ('Tatooine 2', 42), ('The Enchanted Clearing', 34), ('Heartcore II', 50), ('Heartcore', 42), ('Shawker', 34), ('Generic World', 34), ('4u', 42), ('Regen 2', 34), ('Redefined 2', 34), ('Ravillion', 38), ('Justice 2', 42), ('Adrenaline 4.1', 34), ('Binary', 34), ('Genericore 8', 38), ('Shockwave', 34), ('Genericore 6', 34), ("Yo'Ci", 34), ('New Generation', 38), ('Ton', 34), ('Back in Time 2', 42), ('HellCore', 38)]
717,sorgaxD,14597,68,[('Shockwave', 34), ('Generic World', 34)]
718,Keun,14635,136,[('Shockwave', 34), ('Ton', 34), ('Genericore 6', 34), ("Yo'Ci", 34)]
719,Yota.,14675,414,[('Aimlicious', 42), ('Binary', 34), ('Regen 2', 34), ('Ravillion', 38), ('Aimazing', 34), ('Falling Down', 38), ('Heartcore', 42), ('New Generation', 38), ('Ghoul', 42), ('Generic World', 34), ('Resistance', 38)]
720,Shawn.,14699,656,[('Aimlicious', 42), ('Binary', 34), ('Shockwave', 34), ('Redefined 2', 34), ('Genericore 6', 34), ('Ravillion', 38), ('Aimazing', 34), ("Yo'Ci", 34), ('Firestone', 38), ('Falling Down', 38), ('The Enchanted Clearing', 34), ('Not Naufrage 4', 34), ('Heartcore', 42), ('New Generation', 38), ('Ghoul', 42), ('Generic World', 34), ('Shawker', 34), ('Resistance', 38)]
721,Iaan~|,14702,106,[('Adrenaline 4.2', 34), ('Springlobe 3', 34), ('HellCore', 38)]
722,Genex,14727,562,[('Adrenaline 5', 42), ('Binary', 34), ('Genericore 8', 38), ('Aimlicious', 42), ('Genericore 6', 34), ('Ravillion', 38), ('Springlobe 3', 34), ('The Enchanted Clearing', 34), ('Not Naufrage 4', 34), ('Heartcore', 42), ('4u', 42), ('New Generation', 38), ('Generic World', 34), ('HellCore', 38), ('Resistance', 38)]
723,^b[Bro] flummi,14802,34,[('Springlobe 3', 34)]
724,â”‡Â»MiMÂ«â”‡,14987,76,[('Binary', 34), ('Back in Time 2', 42)]
725,Wondernoob,15238,34,[('Shockwave', 34)]
726,Slayer,15253,144,[('Genericore 6', 34), ('Ravillion', 38), ('Genericore 8', 38), ('Ton', 34)]
727,Ä»Ã¥Ò• | Qed,15274,140,[('Binary', 34), ('Genericore 6', 34), ('Ravillion', 38), ('Adrenaline 4.1', 34)]
728,I.K.U,15394,356,[('Binary', 34), ('Adrenaline 4.2', 34), ('Ravillion', 38), ('Springlobe 3', 34), ("Yo'Ci", 34), ('The Enchanted Clearing', 34), ('Adrenaline 4.1', 34), ('4q', 34), ('Back in Time 2', 42), ('HellCore', 38)]
729,Cazanna,15453,68,[('Binary', 34), ('4q', 34)]
730,Blurry,15458,186,[('Binary', 34), ('Adrenaline 4.2', 34), ('Springlobe 3', 34), ('Back in Time 2', 42), ('4u', 42)]
731,Tea,15718,406,[('Binary', 34), ('Adrenaline 4.2', 34), ('Ravillion', 38), ("Yo'Ci", 34), ('Adrenaline 4', 50), ('The Enchanted Clearing', 34), ('Adrenaline 4.1', 34), ('Not Naufrage 4', 34), ('4q', 34), ('New Generation', 38), ('Back in Time 2', 42)]
732,Graves,15759,394,[('Aimlicious', 42), ('Shockwave', 34), ('Genericore 6', 34), ('Aimazing', 34), ("Yo'Ci", 34), ('Firestone', 38), ('The Enchanted Clearing', 34), ('4q', 34), ('New Generation', 38), ('Ton', 34), ('HellCore', 38)]
733,Chairn,15797,110,[('New Generation', 38), ("Yo'Ci", 34), ('HellCore', 38)]
734,Limbo,15899,68,[('Adrenaline 4.2', 34), ("Yo'Ci", 34)]
735,Knuski,16305,212,[('Binary', 34), ('Ravillion', 38), ('Aimazing', 34), ('Springlobe 3', 34), ('Firestone', 38), ('The Enchanted Clearing', 34)]
736,Forris,16723,718,[('Adrenaline 5', 42), ('Aimlicious', 42), ('Adrenaline 4.2', 34), ('Genericore 8', 38), ('Justice', 34), ('Regen 2', 34), ('Aimazing', 34), ("Yo'Ci", 34), ('Tatooine 2', 42), ('Falling Down', 38), ('Justice 2', 42), ('Adrenaline 4.1', 34), ('Adrenaline 4', 50), ('The Enchanted Clearing', 34), ('Springlobe 3', 34), ('4u', 42), ('New Generation', 38), ('Generic World', 34), ('Resistance', 38)]
737,'faceless,16902,102,[('Shockwave', 34), ('Generic World', 34), ('Springlobe 3', 34)]
738,Soapy Sandwich,16933,68,[('The Enchanted Clearing', 34), ('Justice', 34)]
739,Ske,17109,326,[('Adrenaline 5', 42), ('Shockwave', 34), ('Genericore 8', 38), ('Ton', 34), ('Aimazing', 34), ('Adrenaline 4.1', 34), ('4q', 34), ('Generic World', 34), ('4u', 42)]
740,LanuX,17419,318,[('Shockwave', 34), ('Justice', 34), ('Regen 2', 34), ('Genericore 6', 34), ('Falling Down', 38), ('The Enchanted Clearing', 34), ('4q', 34), ('Ghoul', 42), ('Generic World', 34)]
741,CÃ¸ke,17839,38,[('Ravillion', 38)]
742,Konsti,18063,542,[('Shockwave', 34), ('Binary', 34), ('Adrenaline 4.2', 34), ('Regen 2', 34), ('Ravillion', 38), ("Yo'Ci", 34), ('Springlobe 3', 34), ('The Enchanted Clearing', 34), ('Adrenaline 4.1', 34), ('Heartcore', 42), ('4q', 34), ('Ton', 34), ('Back in Time 2', 42), ('HellCore', 38), ('4u', 42)]
743,gB. | Kayumi,18211,326,[('Adrenaline 4.2', 34), ('Justice', 34), ('Aimazing', 34), ('Adrenaline 4.1', 34), ('Not Naufrage 4', 34), ('Generic World', 34), ('Back in Time 2', 42), ('HellCore', 38), ('4u', 42)]
744,lufu1,18347,126,[('Back in Time 2', 42), ('Regen 2', 34), ('Adrenaline 4', 50)]
745,superdial,18395,110,[('4q', 34), ('Ravillion', 38), ('HellCore', 38)]
746,DaGiese :>,18415,288,[('Adrenaline 5', 42), ('Adrenaline 4.2', 34), ('Genericore 6', 34), ('Aimazing', 34), ("Yo'Ci", 34), ('Adrenaline 4.1', 34), ('Generic World', 34), ('4u', 42)]
747,Cyclic~,18446,904,[('Adrenaline 5', 42), ('Aimlicious', 42), ('Firestone', 38), ('Tatooine 2', 42), ('The Enchanted Clearing', 34), ('Heartcore', 42), ('Generic World', 34), ('4u', 42), ('Resistance', 38), ('Regen 2', 34), ('Ravillion', 38), ('Aimazing', 34), ('Adrenaline 4', 50), ('Adrenaline 4.1', 34), ('Binary', 34), ('Genericore 8', 38), ('Shockwave', 34), ('Genericore 6', 34), ("Yo'Ci", 34), ('Springlobe 3', 34), ('Falling Down', 38), ('New Generation', 38), ('Ghoul', 42), ('Ton', 34)]
748,Beiroc,18479,110,[('Binary', 34), ('Justice 2', 42), ('Justice', 34)]
749,FUMOFFU,18597,220,[('Adrenaline 4.2', 34), ('Genericore 6', 34), ('Justice 2', 42), ('Springlobe 3', 34), ('Adrenaline 4.1', 34), ('4u', 42)]
750,ZimE,18724,38,[('Ravillion', 38)]
751,Cireme,18877,322,[('Shockwave', 34), ('Justice', 34), ('Aimazing', 34), ('The Enchanted Clearing', 34), ('Adrenaline 4.1', 34), ('4q', 34), ('New Generation', 38), ('Back in Time 2', 42), ('HellCore', 38)]
752,ano :3,19047,470,[('Binary', 34), ('Adrenaline 4.2', 34), ('Genericore 6', 34), ('Ravillion', 38), ("Yo'Ci", 34), ('Springlobe 3', 34), ('Adrenaline 4', 50), ('The Enchanted Clearing', 34), ('Adrenaline 4.1', 34), ('Not Naufrage 4', 34), ('4q', 34), ('HellCore', 38), ('Resistance', 38)]
753,Wombat,19116,148,[('Adrenaline 5', 42), ('Adrenaline 4.1', 34), ('HellCore', 38), ('Regen 2', 34)]
754,milk,19305,106,[('Generic World', 34), ('HellCore', 38), ('Regen 2', 34)]
755,Tropo,19476,836,[('Adrenaline 5', 42), ('Aimlicious', 42), ('Adrenaline 4.2', 34), ('Justice', 34), ('Tatooine 2', 42), ('The Enchanted Clearing', 34), ('4u', 42), ('Resistance', 38), ('Justice 2', 42), ('Adrenaline 4', 50), ('Adrenaline 4.1', 34), ('Nether', 34), ('Binary', 34), ('Genericore 8', 38), ('Shockwave', 34), ('Genericore 6', 34), ("Yo'Ci", 34), ('Falling Down', 38), ('New Generation', 38), ('Ghoul', 42), ('Ton', 34), ('Back in Time 2', 42)]
756,Kicker,19866,964,[('Aimlicious', 42), ('Adrenaline 4.2', 34), ('Justice', 34), ('Firestone', 38), ('Tatooine 2', 42), ('The Enchanted Clearing', 34), ('Heartcore', 42), ('4q', 34), ('Generic World', 34), ('4u', 42), ('Resistance', 38), ('Regen 2', 34), ('Ravillion', 38), ('Justice 2', 42), ('Aimazing', 34), ('Binary', 34), ('Genericore 8', 38), ('Shockwave', 34), ('Genericore 6', 34), ("Yo'Ci", 34), ('Springlobe 3', 34), ('New Generation', 38), ('Ghoul', 42), ('Ton', 34), ('Back in Time 2', 42), ('HellCore', 38)]
757,ScReeNy,19898,436,[('Binary', 34), ('Justice', 34), ('Regen 2', 34), ('Genericore 6', 34), ('Ravillion', 38), ('Aimazing', 34), ('Firestone', 38), ('Justice 2', 42), ('Adrenaline 4.1', 34), ('Heartcore', 42), ('New Generation', 38), ('Generic World', 34)]
758,=Schulzer=,19931,190,[('Binary', 34), ('Adrenaline 4.2', 34), ('Justice', 34), ('Adrenaline 4', 50), ('HellCore', 38)]
759,NovaShock,20054,140,[('The Enchanted Clearing', 34), ('Binary', 34), ('Ravillion', 38), ('Justice', 34)]
760,MPA3b,20232,34,[('Adrenaline 4.1', 34)]
761,Xi,20608,614,[('Binary', 34), ('Ton', 34), ('Shockwave', 34), ('Adrenaline 4.2', 34), ('Genericore 6', 34), ('Ravillion', 38), ('Aimazing', 34), ('Springlobe 3', 34), ("Yo'Ci", 34), ('Falling Down', 38), ('The Enchanted Clearing', 34), ('Adrenaline 4.1', 34), ('Adrenaline 4', 50), ('Heartcore', 42), ('4q', 34), ('Generic World', 34), ('HellCore', 38)]
762,Goran,20779,110,[('Binary', 34), ('Justice 2', 42), ('Justice', 34)]
763,Black Jack,20882,148,[('Ravillion', 38), ('Aimazing', 34), ('4q', 34), ('4u', 42)]
764,_,21081,614,[('Adrenaline 5', 42), ('Shockwave', 34), ('Genericore 8', 38), ('Adrenaline 4.2', 34), ('Binary', 34), ('Genericore 6', 34), ('Ravillion', 38), ('Aimazing', 34), ("Yo'Ci", 34), ('Springlobe 3', 34), ('Generic World', 34), ('Adrenaline 4.1', 34), ('4q', 34), ('Ton', 34), ('Back in Time 2', 42), ('HellCore', 38), ('4u', 42)]
765,triki,21433,394,[('Shockwave', 34), ('Genericore 8', 38), ('Adrenaline 4.2', 34), ('Justice', 34), ('Genericore 6', 34), ('Firestone', 38), ("Yo'Ci", 34), ('Tatooine 2', 42), ('The Enchanted Clearing', 34), ('New Generation', 38), ('Ton', 34)]
766,<BÂµmM>,21848,934,[('Aimlicious', 42), ('Adrenaline 4.2', 34), ('Justice', 34), ('Tatooine 2', 42), ('Heartcore', 42), ('4q', 34), ('Generic World', 34), ('4u', 42), ('Resistance', 38), ('Regen 2', 34), ('Aimazing', 34), ('Justice 2', 42), ('Adrenaline 4', 50), ('Adrenaline 4.1', 34), ('Genericore 8', 38), ('Not Naufrage 4', 34), ('Shockwave', 34), ('Genericore 6', 34), ("Yo'Ci", 34), ('Springlobe 3', 34), ('Falling Down', 38), ('New Generation', 38), ('Ton', 34), ('Back in Time 2', 42), ('HellCore', 38)]
767,Noctua,21959,284,[('Ravillion', 38), ("Yo'Ci", 34), ('The Enchanted Clearing', 34), ('Adrenaline 4.1', 34), ('Ton', 34), ('Shawker', 34), ('HellCore', 38), ('Resistance', 38)]
768,Infern@L,22016,326,[('Adrenaline 5', 42), ('Adrenaline 4.2', 34), ('Ton', 34), ("Yo'Ci", 34), ('Adrenaline 4.1', 34), ('4q', 34), ('Generic World', 34), ('HellCore', 38), ('4u', 42)]
769,Aoe,22433,740,[('Aimlicious', 42), ('Binary', 34), ('Adrenaline 4.2', 34), ('Justice', 34), ('Regen 2', 34), ('Genericore 6', 34), ('Ravillion', 38), ('Aimazing', 34), ('Springlobe 3', 34), ('Firestone', 38), ('Falling Down', 38), ('Shawker', 34), ('Adrenaline 4.1', 34), ('Adrenaline 4', 50), ('Heartcore', 42), ('4q', 34), ('New Generation', 38), ('Generic World', 34), ('Back in Time 2', 42), ('Resistance', 38)]
770,.:Danytto:.,22502,816,[('Adrenaline 4.2', 34), ('Firestone', 38), ('Tatooine 2', 42), ('4q', 34), ('Generic World', 34), ('4u', 42), ('Resistance', 38), ('Regen 2', 34), ('Ravillion', 38), ('Aimazing', 34), ('Adrenaline 4', 50), ('Adrenaline 4.1', 34), ('Genericore 8', 38), ('Shockwave', 34), ('Genericore 6', 34), ("Yo'Ci", 34), ('Springlobe 3', 34), ('Falling Down', 38), ('New Generation', 38), ('Ghoul', 42), ('Ton', 34), ('HellCore', 38)]
771,bano,23535,588,[('Shockwave', 34), ('Genericore 8', 38), ('Adrenaline 4.2', 34), ('Justice', 34), ('Genericore 6', 34), ('Aimazing', 34), ("Yo'Ci", 34), ('Adrenaline 4', 50), ('The Enchanted Clearing', 34), ('Adrenaline 4.1', 34), ('Falling Down', 38), ('4q', 34), ('Ton', 34), ('Back in Time 2', 42), ('HellCore', 38), ('4u', 42)]
772,BaconDrink,24015,432,[('Binary', 34), ('Justice', 34), ('Regen 2', 34), ('Ravillion', 38), ('Firestone', 38), ("Yo'Ci", 34), ('The Enchanted Clearing', 34), ('4q', 34), ('4u', 42), ('New Generation', 38), ('Ton', 34), ('Resistance', 38)]
773,TyÑˆkaNÑ‡uk,24350,626,[('Adrenaline 5', 42), ('Shockwave', 34), ('Aimlicious', 42), ('Genericore 8', 38), ('Ton', 34), ('Genericore 6', 34), ('Firestone', 38), ('Aimazing', 34), ('Justice 2', 42), ('Falling Down', 38), ('The Enchanted Clearing', 34), ('Adrenaline 4.1', 34), ('Springlobe 3', 34), ('4q', 34), ('Generic World', 34), ('HellCore', 38), ('4u', 42)]
774,HaHAxD*,24779,956,[('Aimlicious', 42), ('Adrenaline 4.2', 34), ('Justice', 34), ('The Enchanted Clearing', 34), ('4q', 34), ('Generic World', 34), ('4u', 42), ('Resistance', 38), ('Regen 2', 34), ('Ravillion', 38), ('Aimazing', 34), ('Justice 2', 42), ('Adrenaline 4', 50), ('Adrenaline 4.1', 34), ('Binary', 34), ('Genericore 8', 38), ('Not Naufrage 4', 34), ('Shockwave', 34), ('Genericore 6', 34), ("Yo'Ci", 34), ('Springlobe 3', 34), ('Falling Down', 38), ('New Generation', 38), ('Ton', 34), ('Back in Time 2', 42), ('HellCore', 38)]
775,Colo-Colo,24783,1052,[('Adrenaline 5', 42), ('Adrenaline 4.2', 34), ('Firestone', 38), ('Tatooine 2', 42), ('The Enchanted Clearing', 34), ('Heartcore', 42), ('4q', 34), ('Generic World', 34), ('4u', 42), ('Resistance', 38), ('Regen 2', 34), ('Ravillion', 38), ('Aimazing', 34), ('Justice 2', 42), ('Adrenaline 4', 50), ('Adrenaline 4.1', 34), ('Binary', 34), ('Genericore 8', 38), ('Shockwave', 34), ('Genericore 6', 34), ("Yo'Ci", 34), ('Springlobe 3', 34), ('Falling Down', 38), ('New Generation', 38), ('Ghoul', 42), ('Ton', 34), ('Back in Time 2', 42), ('HellCore', 38)]
776,Freezestyler,25165,1228,[('Adrenaline 5', 42), ('Aimlicious', 42), ('Adrenaline 4.2', 34), ('Justice', 34), ('Grim Reaper', 50), ('Firestone', 38), ('Tatooine 2', 42), ('The Enchanted Clearing', 34), ('Heartcore II', 50), ('Heartcore', 42), ('4q', 34), ('Generic World', 34), ('Resistance', 38), ('4u', 42), ('Regen 2', 34), ('Ravillion', 38), ('Aimazing', 34), ('Justice 2', 42), ('Adrenaline 4', 50), ('Adrenaline 4.1', 34), ('Binary', 34), ('Genericore 8', 38), ('Shockwave', 34), ('Genericore 6', 34), ("Yo'Ci", 34), ('Springlobe 3', 34), ('Falling Down', 38), ('New Generation', 38), ('Ghoul', 42), ('Ton', 34), ('Back in Time 2', 42), ('HellCore', 38)]
777,Grk0ne,25531,1052,[('Adrenaline 5', 42), ('Aimlicious', 42), ('Adrenaline 4.2', 34), ('Firestone', 38), ('Tatooine 2', 42), ('The Enchanted Clearing', 34), ('Heartcore', 42), ('4q', 34), ('Generic World', 34), ('4u', 42), ('Resistance', 38), ('Regen 2', 34), ('Ravillion', 38), ('Aimazing', 34), ('Justice 2', 42), ('Adrenaline 4', 50), ('Adrenaline 4.1', 34), ('Binary', 34), ('Genericore 8', 38), ('Shockwave', 34), ('Genericore 6', 34), ("Yo'Ci", 34), ('Springlobe 3', 34), ('Falling Down', 38), ('New Generation', 38), ('Ghoul', 42), ('Ton', 34), ('HellCore', 38)]
778,Starkiller,25771,1246,[('Aimlicious', 42), ('Adrenaline 5', 42), ('Adrenaline 4.2', 34), ('Justice', 34), ('Grim Reaper', 50), ('Firestone', 38), ('Tatooine 2', 42), ('The Enchanted Clearing', 34), ('Heartcore', 42), ('4q', 34), ('Generic World', 34), ('Resistance', 38), ('4u', 42), ('Regen 2', 34), ('Ravillion', 38), ('Aimazing', 34), ('Justice 2', 42), ('Adrenaline 4', 50), ('Adrenaline 4.1', 34), ('Nether', 34), ('Binary', 34), ('Genericore 8', 38), ('Not Naufrage 4', 34), ('Shockwave', 34), ('Genericore 6', 34), ("Yo'Ci", 34), ('Springlobe 3', 34), ('Falling Down', 38), ('New Generation', 38), ('Ghoul', 42), ('Ton', 34), ('Back in Time 2', 42), ('HellCore', 38)]
779,Cor,26023,1330,[('Aimlicious', 42), ('Adrenaline 5', 42), ('Adrenaline 4.2', 34), ('Justice', 34), ('Grim Reaper', 50), ('Firestone', 38), ('Tatooine 2', 42), ('The Enchanted Clearing', 34), ('Heartcore II', 50), ('Heartcore', 42), ('4q', 34), ('Shawker', 34), ('Generic World', 34), ('Resistance', 38), ('4u', 42), ('Regen 2', 34), ('Ravillion', 38), ('Aimazing', 34), ('Justice 2', 42), ('Adrenaline 4', 50), ('Adrenaline 4.1', 34), ('Nether', 34), ('Binary', 34), ('Genericore 8', 38), ('Not Naufrage 4', 34), ('Shockwave', 34), ('Genericore 6', 34), ('Springlobe 3', 34), ("Yo'Ci", 34), ('Falling Down', 38), ('New Generation', 38), ('Ghoul', 42), ('Ton', 34), ('Back in Time 2', 42), ('HellCore', 38)]
